Workbook
Name SegmentaçãodeDados_Equipe: #N/A
Name SegmentaçãodeDados_Piloto: #N/A

Sheet Dummy Table
F1: posições de chegada | AD1: desempate
A2: Rank | B2: Driver | C2: Nationality | D2: Team | E2: Point | F2: 1 | G2: 2 | H2: 3 | I2: 4 | J2: 5 | K2: 6 | L2: 7 | M2: 8 | N2: 9 | O2: 10 | P2: 11 | Q2: 12 | R2: 13 | S2: 14 | T2: 15 | U2: 16 | V2: 17 | W2: 18 | X2: 19 | Y2: 20 | Z2: 21 | AA2: 22 | AB2: 23 | AC2: 24 | AD2: p1 | AE2: p2 | AF2: p3 | AG2: p4 | AH2: p5 | AI2: p6 | AJ2: p7 | AK2: p8 | AL2: p9 | AM2: p10 | AN2: p11 | AO2: p12 | AP2: p13 | AQ2: p14 | AR2: p15 | AS2: p16 | AT2: p17 | AU2: p18 | AV2: p19 | AW2: p20 | AX2: p21 | AY2: p22 | AZ2: p23 | BA2: p24 | BB2: Number | BC2: Number
A3: =IF(B3<>"",RANK(E3,E$3:E$30)+SUM(AD3:BB3),"") -> 6 | B3: =IF('Equipes e Pilotos'!C3<>"",'Equipes e Pilotos'!C3,"") -> Lando Norris | C3: =IF(B3<>"",VLOOKUP(B3,'Equipes e Pilotos'!$C$3:$F$30,3,FALSE),"") -> Inglaterra | D3: =IF(B3<>"",VLOOKUP(B3,'Equipes e Pilotos'!$C$3:$F$30,4,FALSE),"") -> McLaren | E3: =IF(B3<>"",SUMIF(Resultados!C:C,B3,Resultados!F:F),"") -> 201 | F3: =IF(B3<>"",SUMPRODUCT((Resultados!$B$1:$B$602=1)*(Resultados!$C$1:$C$602=B3)*1),"") -> 3 | G3: =IF(B3<>"",SUMPRODUCT((Resultados!$B$1:$B$602=2)*(Resultados!$C$1:$C$602=B3)*1),"") -> 2 | H3: =IF(B3<>"",SUMPRODUCT((Resultados!$B$1:$B$602=3)*(Resultados!$C$1:$C$602=B3)*1),"") -> 4 | I3: =IF(B3<>"",SUMPRODUCT((Resultados!$B$1:$B$602=4)*(Resultados!$C$1:$C$602=B3)*1),"") -> 3 | J3: =IF(B3<>"",SUMPRODUCT((Resultados!$B$1:$B$602=5)*(Resultados!$C$1:$C$602=B3)*1),"") -> 2 | K3: =IF(B3<>"",SUMPRODUCT((Resultados!$B$1:$B$602=6)*(Resultados!$C$1:$C$602=B3)*1),"") -> 0 | L3: =IF(B3<>"",SUMPRODUCT((Resultados!$B$1:$B$602=7)*(Resultados!$C$1:$C$602=B3)*1),"") -> 2 | M3: =IF(B3<>"",SUMPRODUCT((Resultados!$B$1:$B$602=8)*(Resultados!$C$1:$C$602=B3)*1),"") -> 0 | N3: =IF(B3<>"",SUMPRODUCT((Resultados!$B$1:$B$602=9)*(Resultados!$C$1:$C$602=B3)*1),"") -> 1 | O3: =IF(B3<>"",SUMPRODUCT((Resultados!$B$1:$B$602=10)*(Resultados!$C$1:$C$602=B3)*1),"") -> 0 | P3: =IF(B3<>"",SUMPRODUCT((Resultados!$B$1:$B$602=11)*(Resultados!$C$1:$C$602=B3)*1),"") -> 0 | Q3: =IF(B3<>"",SUMPRODUCT((Resultados!$B$1:$B$602=12)*(Resultados!$C$1:$C$602=B3)*1),"") -> 0 | R3: =IF(B3<>"",SUMPRODUCT((Resultados!$B$1:$B$602=13)*(Resultados!$C$1:$C$602=B3)*1),"") -> 0 | S3: =IF(B3<>"",SUMPRODUCT((Resultados!$B$1:$B$602=14)*(Resultados!$C$1:$C$602=B3)*1),"") -> 0 | T3: =IF(B3<>"",SUMPRODUCT((Resultados!$B$1:$B$602=15)*(Resultados!$C$1:$C$602=B3)*1),"") -> 0 | U3: =IF(B3<>"",SUMPRODUCT((Resultados!$B$1:$B$602=16)*(Resultados!$C$1:$C$602=B3)*1),"") -> 0 | V3: =IF(B3<>"",SUMPRODUCT((Resultados!$B$1:$B$602=17)*(Resultados!$C$1:$C$602=B3)*1),"") -> 0 | W3: =IF(B3<>"",SUMPRODUCT((Resultados!$B$1:$B$602=18)*(Resultados!$C$1:$C$602=B3)*1),"") -> 1 | X3: =IF(B3<>"",SUMPRODUCT((Resultados!$B$1:$B$602=19)*(Resultados!$C$1:$C$602=B3)*1),"") -> 2 | Y3: =IF(B3<>"",SUMPRODUCT((Resultados!$B$1:$B$602=20)*(Resultados!$C$1:$C$602=B3)*1),"") -> 1 | Z3: =IF(B3<>"",SUMPRODUCT((Resultados!$B$1:$B$602=21)*(Resultados!$C$1:$C$602=B3)*1),"") -> 0 | AA3: =IF(B3<>"",SUMPRODUCT((Resultados!$B$1:$B$602=22)*(Resultados!$C$1:$C$602=B3)*1),"") -> 0 | AB3: =IF(B3<>"",SUMPRODUCT((Resultados!$B$1:$B$602=23)*(Resultados!$C$1:$C$602=B3)*1),"") -> 0 | AC3: =IF(B3<>"",SUMPRODUCT((Resultados!$B$1:$B$602=24)*(Resultados!$C$1:$C$602=B3)*1),"") -> 0 | AD3: =IF(B3<>"",SUMPRODUCT(($E$3:$E$30=E3)*($F$3:$F$30>F3)),"") -> 0 | AE3: =IF(B3<>"",SUMPRODUCT(($E$3:$E$30=E3)*($F$3:$F$30=F3)*($G$3:$G$30>G3)),"") -> 0 | AF3: =IF(B3<>"",SUMPRODUCT(($E$3:$E$30=E3)*($F$3:$F$30=F3)*($G$3:$G$30=G3)*($H$3:$H$30>H3)),"") -> 0 | AG3: =IF(B3<>"",SUMPRODUCT(($E$3:$E$30=E3)*($F$3:$F$30=F3)*($G$3:$G$30=G3)*($H$3:$H$30=H3)*($I$3:$I$30>I3)),"") -> 0 | AH3: =IF(B3<>"",SUMPRODUCT(($E$3:$E$30=E3)*($F$3:$F$30=F3)*($G$3:$G$30=G3)*($H$3:$H$30=H3)*($I$3:$I$30=I3)*($J$3:$J$30>J3)),"") -> 0 | AI3: =IF(B3<>"",SUMPRODUCT(($E$3:$E$30=E3)*($F$3:$F$30=F3)*($G$3:$G$30=G3)*($H$3:$H$30=H3)*($I$3:$I$30=I3)*($J$3:$J$30=J3)*($K$3:$K$30>K3)),"") -> 0 | AJ3: =IF(B3<>"",SUMPRODUCT(($E$3:$E$30=E3)*($F$3:$F$30=F3)*($G$3:$G$30=G3)*($H$3:$H$30=H3)*($I$3:$I$30=I3)*($J$3:$J$30=J3)*($K$3:$K$30=K3)*($L$3:$L$30>L3)),"") -> 0 | AK3: =IF(B3<>"",SUMPRODUCT(($E$3:$E$30=E3)*($F$3:$F$30=F3)*($G$3:$G$30=G3)*($H$3:$H$30=H3)*($I$3:$I$30=I3)*($J$3:$J$30=J3)*($K$3:$K$30=K3)*($L$3:$L$30=L3)*($M$3:$M$30>M3)),"") -> 0 | AL3: =IF(B3<>"",SUMPRODUCT(($E$3:$E$30=E3)*($F$3:$F$30=F3)*($G$3:$G$30=G3)*($H$3:$H$30=H3)*($I$3:$I$30=I3)*($J$3:$J$30=J3)*($K$3:$K$30=K3)*($L$3:$L$30=L3)*($M$3:$M$30=M3)*($N$3:$N$30>N3)),"") -> 0 | AM3: =IF(B3<>"",SUMPRODUCT(($E$3:$E$30=E3)*($F$3:$F$30=F3)*($G$3:$G$30=G3)*($H$3:$H$30=H3)*($I$3:$I$30=I3)*($J$3:$J$30=J3)*($K$3:$K$30=K3)*($L$3:$L$30=L3)*($M$3:$M$30=M3)*($N$3:$N$30=N3)*($O$3:$O$30>O3)),"") -> 0 | AN3: =IF(B3<>"",SUMPRODUCT(($E$3:$E$30=E3)*($F$3:$F$30=F3)*($G$3:$G$30=G3)*($H$3:$H$30=H3)*($I$3:$I$30=I3)*($J$3:$J$30=J3)*($K$3:$K$30=K3)*($L$3:$L$30=L3)*($M$3:$M$30=M3)*($N$3:$N$30=N3)*($O$3:$O$30=O3)*($P$3:$P$30>P3)),"") -> 0 | AO3: =IF(B3<>"",SUMPRODUCT(($E$3:$E$30=E3)*($F$3:$F$30=F3)*($G$3:$G$30=G3)*($H$3:$H$30=H3)*($I$3:$I$30=I3)*($J$3:$J$30=J3)*($K$3:$K$30=K3)*($L$3:$L$30=L3)*($M$3:$M$30=M3)*($N$3:$N$30=N3)*($O$3:$O$30=O3)*($P$3:$P$30=P3)*($Q$3:$Q$30>Q3)),"") -> 0 | AP3: =IF(B3<>"",SUMPRODUCT(($E$3:$E$30=E3)*($F$3:$F$30=F3)*($G$3:$G$30=G3)*($H$3:$H$30=H3)*($I$3:$I$30=I3)*($J$3:$J$30=J3)*($K$3:$K$30=K3)*($L$3:$L$30=L3)*($M$3:$M$30=M3)*($N$3:$N$30=N3)*($O$3:$O$30=O3)*($P$3:$P$30=P3)*($Q$3:$Q$30=Q3)*($R$3:$R$30>R3)),"") -> 0 | AQ3: =IF(B3<>"",SUMPRODUCT(($E$3:$E$30=E3)*($F$3:$F$30=F3)*($G$3:$G$30=G3)*($H$3:$H$30=H3)*($I$3:$I$30=I3)*($J$3:$J$30=J3)*($K$3:$K$30=K3)*($L$3:$L$30=L3)*($M$3:$M$30=M3)*($N$3:$N$30=N3)*($O$3:$O$30=O3)*($P$3:$P$30=P3)*($Q$3:$Q$30=Q3)*($R$3:$R$30=R3)*($S$3:$S$30>S3)),"") -> 0 | AR3: =IF(B3<>"",SUMPRODUCT(($E$3:$E$30=E3)*($F$3:$F$30=F3)*($G$3:$G$30=G3)*($H$3:$H$30=H3)*($I$3:$I$30=I3)*($J$3:$J$30=J3)*($K$3:$K$30=K3)*($L$3:$L$30=L3)*($M$3:$M$30=M3)*($N$3:$N$30=N3)*($O$3:$O$30=O3)*($P$3:$P$30=P3)*($Q$3:$Q$30=Q3)*($R$3:$R$30=R3)*($S$3:$S$30=S3)*($T$3:$T$30>T3)),"") -> 0 | AS3: =IF(B3<>"",SUMPRODUCT(($E$3:$E$30=E3)*($F$3:$F$30=F3)*($G$3:$G$30=G3)*($H$3:$H$30=H3)*($I$3:$I$30=I3)*($J$3:$J$30=J3)*($K$3:$K$30=K3)*($L$3:$L$30=L3)*($M$3:$M$30=M3)*($N$3:$N$30=N3)*($O$3:$O$30=O3)*($P$3:$P$30=P3)*($Q$3:$Q$30=Q3)*($R$3:$R$30=R3)*($S$3:$S$30=S3)*($T$3:$T$30=T3)*($U$3:$U$30>U3)),"") -> 0 | AT3: =IF(B3<>"",SUMPRODUCT(($E$3:$E$30=E3)*($F$3:$F$30=F3)*($G$3:$G$30=G3)*($H$3:$H$30=H3)*($I$3:$I$30=I3)*($J$3:$J$30=J3)*($K$3:$K$30=K3)*($L$3:$L$30=L3)*($M$3:$M$30=M3)*($N$3:$N$30=N3)*($O$3:$O$30=O3)*($P$3:$P$30=P3)*($Q$3:$Q$30=Q3)*($R$3:$R$30=R3)*($S$3:$S$30=S3)*($T$3:$T$30=T3)*($U$3:$U$30=U3)*($V$3:$V$30>V3)),"") -> 0 | AU3: =IF(B3<>"",SUMPRODUCT(($E$3:$E$30=E3)*($F$3:$F$30=F3)*($G$3:$G$30=G3)*($H$3:$H$30=H3)*($I$3:$I$30=I3)*($J$3:$J$30=J3)*($K$3:$K$30=K3)*($L$3:$L$30=L3)*($M$3:$M$30=M3)*($N$3:$N$30=N3)*($O$3:$O$30=O3)*($P$3:$P$30=P3)*($Q$3:$Q$30=Q3)*($R$3:$R$30=R3)*($S$3:$S$30=S3)*($T$3:$T$30=T3)*($U$3:$U$30=U3)*($V$3:$V$30=V3)*($W$3:$W$30>W3)),"") -> 0 | AV3: =IF(B3<>"",SUMPRODUCT(($E$3:$E$30=E3)*($F$3:$F$30=F3)*($G$3:$G$30=G3)*($H$3:$H$30=H3)*($I$3:$I$30=I3)*($J$3:$J$30=J3)*($K$3:$K$30=K3)*($L$3:$L$30=L3)*($M$3:$M$30=M3)*($N$3:$N$30=N3)*($O$3:$O$30=O3)*($P$3:$P$30=P3)*($Q$3:$Q$30=Q3)*($R$3:$R$30=R3)*($S$3:$S$30=S3)*($T$3:$T$30=T3)*($U$3:$U$30=U3)*($V$3:$V$30=V3)*($W$3:$W$30=W3)*($X$3:$X$30>X3)),"") -> 0 | AW3: =IF(B3<>"",SUMPRODUCT(($E$3:$E$30=E3)*($F$3:$F$30=F3)*($G$3:$G$30=G3)*($H$3:$H$30=H3)*($I$3:$I$30=I3)*($J$3:$J$30=J3)*($K$3:$K$30=K3)*($L$3:$L$30=L3)*($M$3:$M$30=M3)*($N$3:$N$30=N3)*($O$3:$O$30=O3)*($P$3:$P$30=P3)*($Q$3:$Q$30=Q3)*($R$3:$R$30=R3)*($S$3:$S$30=S3)*($T$3:$T$30=T3)*($U$3:$U$30=U3)*($V$3:$V$30=V3)*($W$3:$W$30=W3)*($X$3:$X$30=X3)*($Y$3:$Y$30>Y3)),"") -> 0 | AX3: =IF(B3<>"",SUMPRODUCT(($E$3:$E$30=E3)*($F$3:$F$30=F3)*($G$3:$G$30=G3)*($H$3:$H$30=H3)*($I$3:$I$30=I3)*($J$3:$J$30=J3)*($K$3:$K$30=K3)*($L$3:$L$30=L3)*($M$3:$M$30=M3)*($N$3:$N$30=N3)*($O$3:$O$30=O3)*($P$3:$P$30=P3)*($Q$3:$Q$30=Q3)*($R$3:$R$30=R3)*($S$3:$S$30=S3)*($T$3:$T$30=T3)*($U$3:$U$30=U3)*($V$3:$V$30=V3)*($W$3:$W$30=W3)*($X$3:$X$30=X3)*($Y$3:$Y$30=Y3)*($Z$3:$Z$30>Z3)),"") -> 0 | AY3: =IF(B3<>"",SUMPRODUCT(($E$3:$E$30=E3)*($F$3:$F$30=F3)*($G$3:$G$30=G3)*($H$3:$H$30=H3)*($I$3:$I$30=I3)*($J$3:$J$30=J3)*($K$3:$K$30=K3)*($L$3:$L$30=L3)*($M$3:$M$30=M3)*($N$3:$N$30=N3)*($O$3:$O$30=O3)*($P$3:$P$30=P3)*($Q$3:$Q$30=Q3)*($R$3:$R$30=R3)*($S$3:$S$30=S3)*($T$3:$T$30=T3)*($U$3:$U$30=U3)*($V$3:$V$30=V3)*($W$3:$W$30=W3)*($X$3:$X$30=X3)*($Y$3:$Y$30=Y3)*($Z$3:$Z$30=Z3)*($AA$3:$AA$30>AA3)),"") -> 0 | AZ3: =IF(B3<>"",SUMPRODUCT(($E$3:$E$30=E3)*($F$3:$F$30=F3)*($G$3:$G$30=G3)*($H$3:$H$30=H3)*($I$3:$I$30=I3)*($J$3:$J$30=J3)*($K$3:$K$30=K3)*($L$3:$L$30=L3)*($M$3:$M$30=M3)*($N$3:$N$30=N3)*($O$3:$O$30=O3)*($P$3:$P$30=P3)*($Q$3:$Q$30=Q3)*($R$3:$R$30=R3)*($S$3:$S$30=S3)*($T$3:$T$30=T3)*($U$3:$U$30=U3)*($V$3:$V$30=V3)*($W$3:$W$30=W3)*($X$3:$X$30=X3)*($Y$3:$Y$30=Y3)*($Z$3:$Z$30=Z3)*($AA$3:$AA$30=AA3)*($AB$3:$AB$30>AB3)),"") -> 0 | BA3: =IF(B3<>"",SUMPRODUCT(($E$3:$E$30=E3)*($F$3:$F$30=F3)*($G$3:$G$30=G3)*($H$3:$H$30=H3)*($I$3:$I$30=I3)*($J$3:$J$30=J3)*($K$3:$K$30=K3)*($L$3:$L$30=L3)*($M$3:$M$30=M3)*($N$3:$N$30=N3)*($O$3:$O$30=O3)*($P$3:$P$30=P3)*($Q$3:$Q$30=Q3)*($R$3:$R$30=R3)*($S$3:$S$30=S3)*($T$3:$T$30=T3)*($U$3:$U$30=U3)*($V$3:$V$30=V3)*($W$3:$W$30=W3)*($X$3:$X$30=X3)*($Y$3:$Y$30=Y3)*($Z$3:$Z$30=Z3)*($AA$3:$AA$30=AA3)*($AB$3:$AB$30=AB3)*($AC$3:$AC$30>AC3)),"") -> 0 | BB3: =IF(B3<>"",SUMPRODUCT(($E$3:$E$30=E3)*($F$3:$F$30=F3)*($G$3:$G$30=G3)*($H$3:$H$30=H3)*($I$3:$I$30=I3)*($J$3:$J$30=J3)*($K$3:$K$30=K3)*($L$3:$L$30=L3)*($M$3:$M$30=M3)*($N$3:$N$30=N3)*($O$3:$O$30=O3)*($P$3:$P$30=P3)*($Q$3:$Q$30=Q3)*($R$3:$R$30=R3)*($S$3:$S$30=S3)*($T$3:$T$30=T3)*($U$3:$U$30=U3)*($V$3:$V$30=V3)*($W$3:$W$30=W3)*($X$3:$X$30=X3)*($Y$3:$Y$30=Y3)*($Z$3:$Z$30=Z3)*($AA$3:$AA$30=AA3)*($AB$3:$AB$30=AB3)*($AC$3:$AC$30=AC3)*($BC$3:$BC$30<BC3)),"") -> 0 | BC3: =IF(B3<>"",'Equipes e Pilotos'!B3,"") -> 1
A4: =IF(B4<>"",RANK(E4,E$3:E$30)+SUM(AD4:BB4),"") -> 7 | B4: =IF('Equipes e Pilotos'!C4<>"",'Equipes e Pilotos'!C4,"") -> Oscar Piastri | C4: =IF(B4<>"",VLOOKUP(B4,'Equipes e Pilotos'!$C$3:$F$30,3,FALSE),"") -> Austrália | D4: =IF(B4<>"",VLOOKUP(B4,'Equipes e Pilotos'!$C$3:$F$30,4,FALSE),"") -> McLaren | E4: =IF(B4<>"",SUMIF(Resultados!C:C,B4,Resultados!F:F),"") -> 138 | F4: =IF(B4<>"",SUMPRODUCT((Resultados!$B$1:$B$602=1)*(Resultados!$C$1:$C$602=B4)*1),"") -> 0 | G4: =IF(B4<>"",SUMPRODUCT((Resultados!$B$1:$B$602=2)*(Resultados!$C$1:$C$602=B4)*1),"") -> 2 | H4: =IF(B4<>"",SUMPRODUCT((Resultados!$B$1:$B$602=3)*(Resultados!$C$1:$C$602=B4)*1),"") -> 1 | I4: =IF(B4<>"",SUMPRODUCT((Resultados!$B$1:$B$602=4)*(Resultados!$C$1:$C$602=B4)*1),"") -> 3 | J4: =IF(B4<>"",SUMPRODUCT((Resultados!$B$1:$B$602=5)*(Resultados!$C$1:$C$602=B4)*1),"") -> 4 | K4: =IF(B4<>"",SUMPRODUCT((Resultados!$B$1:$B$602=6)*(Resultados!$C$1:$C$602=B4)*1),"") -> 3 | L4: =IF(B4<>"",SUMPRODUCT((Resultados!$B$1:$B$602=7)*(Resultados!$C$1:$C$602=B4)*1),"") -> 1 | M4: =IF(B4<>"",SUMPRODUCT((Resultados!$B$1:$B$602=8)*(Resultados!$C$1:$C$602=B4)*1),"") -> 1 | N4: =IF(B4<>"",SUMPRODUCT((Resultados!$B$1:$B$602=9)*(Resultados!$C$1:$C$602=B4)*1),"") -> 0 | O4: =IF(B4<>"",SUMPRODUCT((Resultados!$B$1:$B$602=10)*(Resultados!$C$1:$C$602=B4)*1),"") -> 0 | P4: =IF(B4<>"",SUMPRODUCT((Resultados!$B$1:$B$602=11)*(Resultados!$C$1:$C$602=B4)*1),"") -> 2 | Q4: =IF(B4<>"",SUMPRODUCT((Resultados!$B$1:$B$602=12)*(Resultados!$C$1:$C$602=B4)*1),"") -> 0 | R4: =IF(B4<>"",SUMPRODUCT((Resultados!$B$1:$B$602=13)*(Resultados!$C$1:$C$602=B4)*1),"") -> 1 | S4: =IF(B4<>"",SUMPRODUCT((Resultados!$B$1:$B$602=14)*(Resultados!$C$1:$C$602=B4)*1),"") -> 0 | T4: =IF(B4<>"",SUMPRODUCT((Resultados!$B$1:$B$602=15)*(Resultados!$C$1:$C$602=B4)*1),"") -> 0 | U4: =IF(B4<>"",SUMPRODUCT((Resultados!$B$1:$B$602=16)*(Resultados!$C$1:$C$602=B4)*1),"") -> 0 | V4: =IF(B4<>"",SUMPRODUCT((Resultados!$B$1:$B$602=17)*(Resultados!$C$1:$C$602=B4)*1),"") -> 0 | W4: =IF(B4<>"",SUMPRODUCT((Resultados!$B$1:$B$602=18)*(Resultados!$C$1:$C$602=B4)*1),"") -> 0 | X4: =IF(B4<>"",SUMPRODUCT((Resultados!$B$1:$B$602=19)*(Resultados!$C$1:$C$602=B4)*1),"") -> 1 | Y4: =IF(B4<>"",SUMPRODUCT((Resultados!$B$1:$B$602=20)*(Resultados!$C$1:$C$602=B4)*1),"") -> 1 | Z4: =IF(B4<>"",SUMPRODUCT((Resultados!$B$1:$B$602=21)*(Resultados!$C$1:$C$602=B4)*1),"") -> 1 | AA4: =IF(B4<>"",SUMPRODUCT((Resultados!$B$1:$B$602=22)*(Resultados!$C$1:$C$602=B4)*1),"") -> 0 | AB4: =IF(B4<>"",SUMPRODUCT((Resultados!$B$1:$B$602=23)*(Resultados!$C$1:$C$602=B4)*1),"") -> 0 | AC4: =IF(B4<>"",SUMPRODUCT((Resultados!$B$1:$B$602=24)*(Resultados!$C$1:$C$602=B4)*1),"") -> 0 | AD4: =IF(B4<>"",SUMPRODUCT(($E$3:$E$30=E4)*($F$3:$F$30>F4)),"") -> 0 | AE4: =IF(B4<>"",SUMPRODUCT(($E$3:$E$30=E4)*($F$3:$F$30=F4)*($G$3:$G$30>G4)),"") -> 0 | AF4: =IF(B4<>"",SUMPRODUCT(($E$3:$E$30=E4)*($F$3:$F$30=F4)*($G$3:$G$30=G4)*($H$3:$H$30>H4)),"") -> 0 | AG4: =IF(B4<>"",SUMPRODUCT(($E$3:$E$30=E4)*($F$3:$F$30=F4)*($G$3:$G$30=G4)*($H$3:$H$30=H4)*($I$3:$I$30>I4)),"") -> 0 | AH4: =IF(B4<>"",SUMPRODUCT(($E$3:$E$30=E4)*($F$3:$F$30=F4)*($G$3:$G$30=G4)*($H$3:$H$30=H4)*($I$3:$I$30=I4)*($J$3:$J$30>J4)),"") -> 0 | AI4: =IF(B4<>"",SUMPRODUCT(($E$3:$E$30=E4)*($F$3:$F$30=F4)*($G$3:$G$30=G4)*($H$3:$H$30=H4)*($I$3:$I$30=I4)*($J$3:$J$30=J4)*($K$3:$K$30>K4)),"") -> 0 | AJ4: =IF(B4<>"",SUMPRODUCT(($E$3:$E$30=E4)*($F$3:$F$30=F4)*($G$3:$G$30=G4)*($H$3:$H$30=H4)*($I$3:$I$30=I4)*($J$3:$J$30=J4)*($K$3:$K$30=K4)*($L$3:$L$30>L4)),"") -> 0 | AK4: =IF(B4<>"",SUMPRODUCT(($E$3:$E$30=E4)*($F$3:$F$30=F4)*($G$3:$G$30=G4)*($H$3:$H$30=H4)*($I$3:$I$30=I4)*($J$3:$J$30=J4)*($K$3:$K$30=K4)*($L$3:$L$30=L4)*($M$3:$M$30>M4)),"") -> 0 | AL4: =IF(B4<>"",SUMPRODUCT(($E$3:$E$30=E4)*($F$3:$F$30=F4)*($G$3:$G$30=G4)*($H$3:$H$30=H4)*($I$3:$I$30=I4)*($J$3:$J$30=J4)*($K$3:$K$30=K4)*($L$3:$L$30=L4)*($M$3:$M$30=M4)*($N$3:$N$30>N4)),"") -> 0 | AM4: =IF(B4<>"",SUMPRODUCT(($E$3:$E$30=E4)*($F$3:$F$30=F4)*($G$3:$G$30=G4)*($H$3:$H$30=H4)*($I$3:$I$30=I4)*($J$3:$J$30=J4)*($K$3:$K$30=K4)*($L$3:$L$30=L4)*($M$3:$M$30=M4)*($N$3:$N$30=N4)*($O$3:$O$30>O4)),"") -> 0 | AN4: =IF(B4<>"",SUMPRODUCT(($E$3:$E$30=E4)*($F$3:$F$30=F4)*($G$3:$G$30=G4)*($H$3:$H$30=H4)*($I$3:$I$30=I4)*($J$3:$J$30=J4)*($K$3:$K$30=K4)*($L$3:$L$30=L4)*($M$3:$M$30=M4)*($N$3:$N$30=N4)*($O$3:$O$30=O4)*($P$3:$P$30>P4)),"") -> 0 | AO4: =IF(B4<>"",SUMPRODUCT(($E$3:$E$30=E4)*($F$3:$F$30=F4)*($G$3:$G$30=G4)*($H$3:$H$30=H4)*($I$3:$I$30=I4)*($J$3:$J$30=J4)*($K$3:$K$30=K4)*($L$3:$L$30=L4)*($M$3:$M$30=M4)*($N$3:$N$30=N4)*($O$3:$O$30=O4)*($P$3:$P$30=P4)*($Q$3:$Q$30>Q4)),"") -> 0 | AP4: =IF(B4<>"",SUMPRODUCT(($E$3:$E$30=E4)*($F$3:$F$30=F4)*($G$3:$G$30=G4)*($H$3:$H$30=H4)*($I$3:$I$30=I4)*($J$3:$J$30=J4)*($K$3:$K$30=K4)*($L$3:$L$30=L4)*($M$3:$M$30=M4)*($N$3:$N$30=N4)*($O$3:$O$30=O4)*($P$3:$P$30=P4)*($Q$3:$Q$30=Q4)*($R$3:$R$30>R4)),"") -> 0 | AQ4: =IF(B4<>"",SUMPRODUCT(($E$3:$E$30=E4)*($F$3:$F$30=F4)*($G$3:$G$30=G4)*($H$3:$H$30=H4)*($I$3:$I$30=I4)*($J$3:$J$30=J4)*($K$3:$K$30=K4)*($L$3:$L$30=L4)*($M$3:$M$30=M4)*($N$3:$N$30=N4)*($O$3:$O$30=O4)*($P$3:$P$30=P4)*($Q$3:$Q$30=Q4)*($R$3:$R$30=R4)*($S$3:$S$30>S4)),"") -> 0 | AR4: =IF(B4<>"",SUMPRODUCT(($E$3:$E$30=E4)*($F$3:$F$30=F4)*($G$3:$G$30=G4)*($H$3:$H$30=H4)*($I$3:$I$30=I4)*($J$3:$J$30=J4)*($K$3:$K$30=K4)*($L$3:$L$30=L4)*($M$3:$M$30=M4)*($N$3:$N$30=N4)*($O$3:$O$30=O4)*($P$3:$P$30=P4)*($Q$3:$Q$30=Q4)*($R$3:$R$30=R4)*($S$3:$S$30=S4)*($T$3:$T$30>T4)),"") -> 0 | AS4: =IF(B4<>"",SUMPRODUCT(($E$3:$E$30=E4)*($F$3:$F$30=F4)*($G$3:$G$30=G4)*($H$3:$H$30=H4)*($I$3:$I$30=I4)*($J$3:$J$30=J4)*($K$3:$K$30=K4)*($L$3:$L$30=L4)*($M$3:$M$30=M4)*($N$3:$N$30=N4)*($O$3:$O$30=O4)*($P$3:$P$30=P4)*($Q$3:$Q$30=Q4)*($R$3:$R$30=R4)*($S$3:$S$30=S4)*($T$3:$T$30=T4)*($U$3:$U$30>U4)),"") -> 0 | AT4: =IF(B4<>"",SUMPRODUCT(($E$3:$E$30=E4)*($F$3:$F$30=F4)*($G$3:$G$30=G4)*($H$3:$H$30=H4)*($I$3:$I$30=I4)*($J$3:$J$30=J4)*($K$3:$K$30=K4)*($L$3:$L$30=L4)*($M$3:$M$30=M4)*($N$3:$N$30=N4)*($O$3:$O$30=O4)*($P$3:$P$30=P4)*($Q$3:$Q$30=Q4)*($R$3:$R$30=R4)*($S$3:$S$30=S4)*($T$3:$T$30=T4)*($U$3:$U$30=U4)*($V$3:$V$30>V4)),"") -> 0 | AU4: =IF(B4<>"",SUMPRODUCT(($E$3:$E$30=E4)*($F$3:$F$30=F4)*($G$3:$G$30=G4)*($H$3:$H$30=H4)*($I$3:$I$30=I4)*($J$3:$J$30=J4)*($K$3:$K$30=K4)*($L$3:$L$30=L4)*($M$3:$M$30=M4)*($N$3:$N$30=N4)*($O$3:$O$30=O4)*($P$3:$P$30=P4)*($Q$3:$Q$30=Q4)*($R$3:$R$30=R4)*($S$3:$S$30=S4)*($T$3:$T$30=T4)*($U$3:$U$30=U4)*($V$3:$V$30=V4)*($W$3:$W$30>W4)),"") -> 0 | AV4: =IF(B4<>"",SUMPRODUCT(($E$3:$E$30=E4)*($F$3:$F$30=F4)*($G$3:$G$30=G4)*($H$3:$H$30=H4)*($I$3:$I$30=I4)*($J$3:$J$30=J4)*($K$3:$K$30=K4)*($L$3:$L$30=L4)*($M$3:$M$30=M4)*($N$3:$N$30=N4)*($O$3:$O$30=O4)*($P$3:$P$30=P4)*($Q$3:$Q$30=Q4)*($R$3:$R$30=R4)*($S$3:$S$30=S4)*($T$3:$T$30=T4)*($U$3:$U$30=U4)*($V$3:$V$30=V4)*($W$3:$W$30=W4)*($X$3:$X$30>X4)),"") -> 0 | AW4: =IF(B4<>"",SUMPRODUCT(($E$3:$E$30=E4)*($F$3:$F$30=F4)*($G$3:$G$30=G4)*($H$3:$H$30=H4)*($I$3:$I$30=I4)*($J$3:$J$30=J4)*($K$3:$K$30=K4)*($L$3:$L$30=L4)*($M$3:$M$30=M4)*($N$3:$N$30=N4)*($O$3:$O$30=O4)*($P$3:$P$30=P4)*($Q$3:$Q$30=Q4)*($R$3:$R$30=R4)*($S$3:$S$30=S4)*($T$3:$T$30=T4)*($U$3:$U$30=U4)*($V$3:$V$30=V4)*($W$3:$W$30=W4)*($X$3:$X$30=X4)*($Y$3:$Y$30>Y4)),"") -> 0 | AX4: =IF(B4<>"",SUMPRODUCT(($E$3:$E$30=E4)*($F$3:$F$30=F4)*($G$3:$G$30=G4)*($H$3:$H$30=H4)*($I$3:$I$30=I4)*($J$3:$J$30=J4)*($K$3:$K$30=K4)*($L$3:$L$30=L4)*($M$3:$M$30=M4)*($N$3:$N$30=N4)*($O$3:$O$30=O4)*($P$3:$P$30=P4)*($Q$3:$Q$30=Q4)*($R$3:$R$30=R4)*($S$3:$S$30=S4)*($T$3:$T$30=T4)*($U$3:$U$30=U4)*($V$3:$V$30=V4)*($W$3:$W$30=W4)*($X$3:$X$30=X4)*($Y$3:$Y$30=Y4)*($Z$3:$Z$30>Z4)),"") -> 0 | AY4: =IF(B4<>"",SUMPRODUCT(($E$3:$E$30=E4)*($F$3:$F$30=F4)*($G$3:$G$30=G4)*($H$3:$H$30=H4)*($I$3:$I$30=I4)*($J$3:$J$30=J4)*($K$3:$K$30=K4)*($L$3:$L$30=L4)*($M$3:$M$30=M4)*($N$3:$N$30=N4)*($O$3:$O$30=O4)*($P$3:$P$30=P4)*($Q$3:$Q$30=Q4)*($R$3:$R$30=R4)*($S$3:$S$30=S4)*($T$3:$T$30=T4)*($U$3:$U$30=U4)*($V$3:$V$30=V4)*($W$3:$W$30=W4)*($X$3:$X$30=X4)*($Y$3:$Y$30=Y4)*($Z$3:$Z$30=Z4)*($AA$3:$AA$30>AA4)),"") -> 0 | AZ4: =IF(B4<>"",SUMPRODUCT(($E$3:$E$30=E4)*($F$3:$F$30=F4)*($G$3:$G$30=G4)*($H$3:$H$30=H4)*($I$3:$I$30=I4)*($J$3:$J$30=J4)*($K$3:$K$30=K4)*($L$3:$L$30=L4)*($M$3:$M$30=M4)*($N$3:$N$30=N4)*($O$3:$O$30=O4)*($P$3:$P$30=P4)*($Q$3:$Q$30=Q4)*($R$3:$R$30=R4)*($S$3:$S$30=S4)*($T$3:$T$30=T4)*($U$3:$U$30=U4)*($V$3:$V$30=V4)*($W$3:$W$30=W4)*($X$3:$X$30=X4)*($Y$3:$Y$30=Y4)*($Z$3:$Z$30=Z4)*($AA$3:$AA$30=AA4)*($AB$3:$AB$30>AB4)),"") -> 0 | BA4: =IF(B4<>"",SUMPRODUCT(($E$3:$E$30=E4)*($F$3:$F$30=F4)*($G$3:$G$30=G4)*($H$3:$H$30=H4)*($I$3:$I$30=I4)*($J$3:$J$30=J4)*($K$3:$K$30=K4)*($L$3:$L$30=L4)*($M$3:$M$30=M4)*($N$3:$N$30=N4)*($O$3:$O$30=O4)*($P$3:$P$30=P4)*($Q$3:$Q$30=Q4)*($R$3:$R$30=R4)*($S$3:$S$30=S4)*($T$3:$T$30=T4)*($U$3:$U$30=U4)*($V$3:$V$30=V4)*($W$3:$W$30=W4)*($X$3:$X$30=X4)*($Y$3:$Y$30=Y4)*($Z$3:$Z$30=Z4)*($AA$3:$AA$30=AA4)*($AB$3:$AB$30=AB4)*($AC$3:$AC$30>AC4)),"") -> 0 | BB4: =IF(B4<>"",SUMPRODUCT(($E$3:$E$30=E4)*($F$3:$F$30=F4)*($G$3:$G$30=G4)*($H$3:$H$30=H4)*($I$3:$I$30=I4)*($J$3:$J$30=J4)*($K$3:$K$30=K4)*($L$3:$L$30=L4)*($M$3:$M$30=M4)*($N$3:$N$30=N4)*($O$3:$O$30=O4)*($P$3:$P$30=P4)*($Q$3:$Q$30=Q4)*($R$3:$R$30=R4)*($S$3:$S$30=S4)*($T$3:$T$30=T4)*($U$3:$U$30=U4)*($V$3:$V$30=V4)*($W$3:$W$30=W4)*($X$3:$X$30=X4)*($Y$3:$Y$30=Y4)*($Z$3:$Z$30=Z4)*($AA$3:$AA$30=AA4)*($AB$3:$AB$30=AB4)*($AC$3:$AC$30=AC4)*($BC$3:$BC$30<BC4)),"") -> 0 | BC4: =IF(B4<>"",'Equipes e Pilotos'!B4,"") -> 2
A5: =IF(B5<>"",RANK(E5,E$3:E$30)+SUM(AD5:BB5),"") -> 2 | B5: =IF('Equipes e Pilotos'!C5<>"",'Equipes e Pilotos'!C5,"") -> George Russell | C5: =IF(B5<>"",VLOOKUP(B5,'Equipes e Pilotos'!$C$3:$F$30,3,FALSE),"") -> Inglaterra | D5: =IF(B5<>"",VLOOKUP(B5,'Equipes e Pilotos'!$C$3:$F$30,4,FALSE),"") -> Mercedes | E5: =IF(B5<>"",SUMIF(Resultados!C:C,B5,Resultados!F:F),"") -> 238 | F5: =IF(B5<>"",SUMPRODUCT((Resultados!$B$1:$B$602=1)*(Resultados!$C$1:$C$602=B5)*1),"") -> 6 | G5: =IF(B5<>"",SUMPRODUCT((Resultados!$B$1:$B$602=2)*(Resultados!$C$1:$C$602=B5)*1),"") -> 4 | H5: =IF(B5<>"",SUMPRODUCT((Resultados!$B$1:$B$602=3)*(Resultados!$C$1:$C$602=B5)*1),"") -> 1 | I5: =IF(B5<>"",SUMPRODUCT((Resultados!$B$1:$B$602=4)*(Resultados!$C$1:$C$602=B5)*1),"") -> 4 | J5: =IF(B5<>"",SUMPRODUCT((Resultados!$B$1:$B$602=5)*(Resultados!$C$1:$C$602=B5)*1),"") -> 1 | K5: =IF(B5<>"",SUMPRODUCT((Resultados!$B$1:$B$602=6)*(Resultados!$C$1:$C$602=B5)*1),"") -> 0 | L5: =IF(B5<>"",SUMPRODUCT((Resultados!$B$1:$B$602=7)*(Resultados!$C$1:$C$602=B5)*1),"") -> 1 | M5: =IF(B5<>"",SUMPRODUCT((Resultados!$B$1:$B$602=8)*(Resultados!$C$1:$C$602=B5)*1),"") -> 0 | N5: =IF(B5<>"",SUMPRODUCT((Resultados!$B$1:$B$602=9)*(Resultados!$C$1:$C$602=B5)*1),"") -> 0 | O5: =IF(B5<>"",SUMPRODUCT((Resultados!$B$1:$B$602=10)*(Resultados!$C$1:$C$602=B5)*1),"") -> 0 | P5: =IF(B5<>"",SUMPRODUCT((Resultados!$B$1:$B$602=11)*(Resultados!$C$1:$C$602=B5)*1),"") -> 0 | Q5: =IF(B5<>"",SUMPRODUCT((Resultados!$B$1:$B$602=12)*(Resultados!$C$1:$C$602=B5)*1),"") -> 1 | R5: =IF(B5<>"",SUMPRODUCT((Resultados!$B$1:$B$602=13)*(Resultados!$C$1:$C$602=B5)*1),"") -> 1 | S5: =IF(B5<>"",SUMPRODUCT((Resultados!$B$1:$B$602=14)*(Resultados!$C$1:$C$602=B5)*1),"") -> 0 | T5: =IF(B5<>"",SUMPRODUCT((Resultados!$B$1:$B$602=15)*(Resultados!$C$1:$C$602=B5)*1),"") -> 0 | U5: =IF(B5<>"",SUMPRODUCT((Resultados!$B$1:$B$602=16)*(Resultados!$C$1:$C$602=B5)*1),"") -> 0 | V5: =IF(B5<>"",SUMPRODUCT((Resultados!$B$1:$B$602=17)*(Resultados!$C$1:$C$602=B5)*1),"") -> 0 | W5: =IF(B5<>"",SUMPRODUCT((Resultados!$B$1:$B$602=18)*(Resultados!$C$1:$C$602=B5)*1),"") -> 0 | X5: =IF(B5<>"",SUMPRODUCT((Resultados!$B$1:$B$602=19)*(Resultados!$C$1:$C$602=B5)*1),"") -> 1 | Y5: =IF(B5<>"",SUMPRODUCT((Resultados!$B$1:$B$602=20)*(Resultados!$C$1:$C$602=B5)*1),"") -> 1 | Z5: =IF(B5<>"",SUMPRODUCT((Resultados!$B$1:$B$602=21)*(Resultados!$C$1:$C$602=B5)*1),"") -> 0 | AA5: =IF(B5<>"",SUMPRODUCT((Resultados!$B$1:$B$602=22)*(Resultados!$C$1:$C$602=B5)*1),"") -> 1 | AB5: =IF(B5<>"",SUMPRODUCT((Resultados!$B$1:$B$602=23)*(Resultados!$C$1:$C$602=B5)*1),"") -> 0 | AC5: =IF(B5<>"",SUMPRODUCT((Resultados!$B$1:$B$602=24)*(Resultados!$C$1:$C$602=B5)*1),"") -> 0 | AD5: =IF(B5<>"",SUMPRODUCT(($E$3:$E$30=E5)*($F$3:$F$30>F5)),"") -> 0 | AE5: =IF(B5<>"",SUMPRODUCT(($E$3:$E$30=E5)*($F$3:$F$30=F5)*($G$3:$G$30>G5)),"") -> 0 | AF5: =IF(B5<>"",SUMPRODUCT(($E$3:$E$30=E5)*($F$3:$F$30=F5)*($G$3:$G$30=G5)*($H$3:$H$30>H5)),"") -> 0 | AG5: =IF(B5<>"",SUMPRODUCT(($E$3:$E$30=E5)*($F$3:$F$30=F5)*($G$3:$G$30=G5)*($H$3:$H$30=H5)*($I$3:$I$30>I5)),"") -> 0 | AH5: =IF(B5<>"",SUMPRODUCT(($E$3:$E$30=E5)*($F$3:$F$30=F5)*($G$3:$G$30=G5)*($H$3:$H$30=H5)*($I$3:$I$30=I5)*($J$3:$J$30>J5)),"") -> 0 | AI5: =IF(B5<>"",SUMPRODUCT(($E$3:$E$30=E5)*($F$3:$F$30=F5)*($G$3:$G$30=G5)*($H$3:$H$30=H5)*($I$3:$I$30=I5)*($J$3:$J$30=J5)*($K$3:$K$30>K5)),"") -> 0 | AJ5: =IF(B5<>"",SUMPRODUCT(($E$3:$E$30=E5)*($F$3:$F$30=F5)*($G$3:$G$30=G5)*($H$3:$H$30=H5)*($I$3:$I$30=I5)*($J$3:$J$30=J5)*($K$3:$K$30=K5)*($L$3:$L$30>L5)),"") -> 0 | AK5: =IF(B5<>"",SUMPRODUCT(($E$3:$E$30=E5)*($F$3:$F$30=F5)*($G$3:$G$30=G5)*($H$3:$H$30=H5)*($I$3:$I$30=I5)*($J$3:$J$30=J5)*($K$3:$K$30=K5)*($L$3:$L$30=L5)*($M$3:$M$30>M5)),"") -> 0 | AL5: =IF(B5<>"",SUMPRODUCT(($E$3:$E$30=E5)*($F$3:$F$30=F5)*($G$3:$G$30=G5)*($H$3:$H$30=H5)*($I$3:$I$30=I5)*($J$3:$J$30=J5)*($K$3:$K$30=K5)*($L$3:$L$30=L5)*($M$3:$M$30=M5)*($N$3:$N$30>N5)),"") -> 0 | AM5: =IF(B5<>"",SUMPRODUCT(($E$3:$E$30=E5)*($F$3:$F$30=F5)*($G$3:$G$30=G5)*($H$3:$H$30=H5)*($I$3:$I$30=I5)*($J$3:$J$30=J5)*($K$3:$K$30=K5)*($L$3:$L$30=L5)*($M$3:$M$30=M5)*($N$3:$N$30=N5)*($O$3:$O$30>O5)),"") -> 0 | AN5: =IF(B5<>"",SUMPRODUCT(($E$3:$E$30=E5)*($F$3:$F$30=F5)*($G$3:$G$30=G5)*($H$3:$H$30=H5)*($I$3:$I$30=I5)*($J$3:$J$30=J5)*($K$3:$K$30=K5)*($L$3:$L$30=L5)*($M$3:$M$30=M5)*($N$3:$N$30=N5)*($O$3:$O$30=O5)*($P$3:$P$30>P5)),"") -> 0 | AO5: =IF(B5<>"",SUMPRODUCT(($E$3:$E$30=E5)*($F$3:$F$30=F5)*($G$3:$G$30=G5)*($H$3:$H$30=H5)*($I$3:$I$30=I5)*($J$3:$J$30=J5)*($K$3:$K$30=K5)*($L$3:$L$30=L5)*($M$3:$M$30=M5)*($N$3:$N$30=N5)*($O$3:$O$30=O5)*($P$3:$P$30=P5)*($Q$3:$Q$30>Q5)),"") -> 0 | AP5: =IF(B5<>"",SUMPRODUCT(($E$3:$E$30=E5)*($F$3:$F$30=F5)*($G$3:$G$30=G5)*($H$3:$H$30=H5)*($I$3:$I$30=I5)*($J$3:$J$30=J5)*($K$3:$K$30=K5)*($L$3:$L$30=L5)*($M$3:$M$30=M5)*($N$3:$N$30=N5)*($O$3:$O$30=O5)*($P$3:$P$30=P5)*($Q$3:$Q$30=Q5)*($R$3:$R$30>R5)),"") -> 0 | AQ5: =IF(B5<>"",SUMPRODUCT(($E$3:$E$30=E5)*($F$3:$F$30=F5)*($G$3:$G$30=G5)*($H$3:$H$30=H5)*($I$3:$I$30=I5)*($J$3:$J$30=J5)*($K$3:$K$30=K5)*($L$3:$L$30=L5)*($M$3:$M$30=M5)*($N$3:$N$30=N5)*($O$3:$O$30=O5)*($P$3:$P$30=P5)*($Q$3:$Q$30=Q5)*($R$3:$R$30=R5)*($S$3:$S$30>S5)),"") -> 0 | AR5: =IF(B5<>"",SUMPRODUCT(($E$3:$E$30=E5)*($F$3:$F$30=F5)*($G$3:$G$30=G5)*($H$3:$H$30=H5)*($I$3:$I$30=I5)*($J$3:$J$30=J5)*($K$3:$K$30=K5)*($L$3:$L$30=L5)*($M$3:$M$30=M5)*($N$3:$N$30=N5)*($O$3:$O$30=O5)*($P$3:$P$30=P5)*($Q$3:$Q$30=Q5)*($R$3:$R$30=R5)*($S$3:$S$30=S5)*($T$3:$T$30>T5)),"") -> 0 | AS5: =IF(B5<>"",SUMPRODUCT(($E$3:$E$30=E5)*($F$3:$F$30=F5)*($G$3:$G$30=G5)*($H$3:$H$30=H5)*($I$3:$I$30=I5)*($J$3:$J$30=J5)*($K$3:$K$30=K5)*($L$3:$L$30=L5)*($M$3:$M$30=M5)*($N$3:$N$30=N5)*($O$3:$O$30=O5)*($P$3:$P$30=P5)*($Q$3:$Q$30=Q5)*($R$3:$R$30=R5)*($S$3:$S$30=S5)*($T$3:$T$30=T5)*($U$3:$U$30>U5)),"") -> 0 | AT5: =IF(B5<>"",SUMPRODUCT(($E$3:$E$30=E5)*($F$3:$F$30=F5)*($G$3:$G$30=G5)*($H$3:$H$30=H5)*($I$3:$I$30=I5)*($J$3:$J$30=J5)*($K$3:$K$30=K5)*($L$3:$L$30=L5)*($M$3:$M$30=M5)*($N$3:$N$30=N5)*($O$3:$O$30=O5)*($P$3:$P$30=P5)*($Q$3:$Q$30=Q5)*($R$3:$R$30=R5)*($S$3:$S$30=S5)*($T$3:$T$30=T5)*($U$3:$U$30=U5)*($V$3:$V$30>V5)),"") -> 0 | AU5: =IF(B5<>"",SUMPRODUCT(($E$3:$E$30=E5)*($F$3:$F$30=F5)*($G$3:$G$30=G5)*($H$3:$H$30=H5)*($I$3:$I$30=I5)*($J$3:$J$30=J5)*($K$3:$K$30=K5)*($L$3:$L$30=L5)*($M$3:$M$30=M5)*($N$3:$N$30=N5)*($O$3:$O$30=O5)*($P$3:$P$30=P5)*($Q$3:$Q$30=Q5)*($R$3:$R$30=R5)*($S$3:$S$30=S5)*($T$3:$T$30=T5)*($U$3:$U$30=U5)*($V$3:$V$30=V5)*($W$3:$W$30>W5)),"") -> 0 | AV5: =IF(B5<>"",SUMPRODUCT(($E$3:$E$30=E5)*($F$3:$F$30=F5)*($G$3:$G$30=G5)*($H$3:$H$30=H5)*($I$3:$I$30=I5)*($J$3:$J$30=J5)*($K$3:$K$30=K5)*($L$3:$L$30=L5)*($M$3:$M$30=M5)*($N$3:$N$30=N5)*($O$3:$O$30=O5)*($P$3:$P$30=P5)*($Q$3:$Q$30=Q5)*($R$3:$R$30=R5)*($S$3:$S$30=S5)*($T$3:$T$30=T5)*($U$3:$U$30=U5)*($V$3:$V$30=V5)*($W$3:$W$30=W5)*($X$3:$X$30>X5)),"") -> 0 | AW5: =IF(B5<>"",SUMPRODUCT(($E$3:$E$30=E5)*($F$3:$F$30=F5)*($G$3:$G$30=G5)*($H$3:$H$30=H5)*($I$3:$I$30=I5)*($J$3:$J$30=J5)*($K$3:$K$30=K5)*($L$3:$L$30=L5)*($M$3:$M$30=M5)*($N$3:$N$30=N5)*($O$3:$O$30=O5)*($P$3:$P$30=P5)*($Q$3:$Q$30=Q5)*($R$3:$R$30=R5)*($S$3:$S$30=S5)*($T$3:$T$30=T5)*($U$3:$U$30=U5)*($V$3:$V$30=V5)*($W$3:$W$30=W5)*($X$3:$X$30=X5)*($Y$3:$Y$30>Y5)),"") -> 0 | AX5: =IF(B5<>"",SUMPRODUCT(($E$3:$E$30=E5)*($F$3:$F$30=F5)*($G$3:$G$30=G5)*($H$3:$H$30=H5)*($I$3:$I$30=I5)*($J$3:$J$30=J5)*($K$3:$K$30=K5)*($L$3:$L$30=L5)*($M$3:$M$30=M5)*($N$3:$N$30=N5)*($O$3:$O$30=O5)*($P$3:$P$30=P5)*($Q$3:$Q$30=Q5)*($R$3:$R$30=R5)*($S$3:$S$30=S5)*($T$3:$T$30=T5)*($U$3:$U$30=U5)*($V$3:$V$30=V5)*($W$3:$W$30=W5)*($X$3:$X$30=X5)*($Y$3:$Y$30=Y5)*($Z$3:$Z$30>Z5)),"") -> 0 | AY5: =IF(B5<>"",SUMPRODUCT(($E$3:$E$30=E5)*($F$3:$F$30=F5)*($G$3:$G$30=G5)*($H$3:$H$30=H5)*($I$3:$I$30=I5)*($J$3:$J$30=J5)*($K$3:$K$30=K5)*($L$3:$L$30=L5)*($M$3:$M$30=M5)*($N$3:$N$30=N5)*($O$3:$O$30=O5)*($P$3:$P$30=P5)*($Q$3:$Q$30=Q5)*($R$3:$R$30=R5)*($S$3:$S$30=S5)*($T$3:$T$30=T5)*($U$3:$U$30=U5)*($V$3:$V$30=V5)*($W$3:$W$30=W5)*($X$3:$X$30=X5)*($Y$3:$Y$30=Y5)*($Z$3:$Z$30=Z5)*($AA$3:$AA$30>AA5)),"") -> 0 | AZ5: =IF(B5<>"",SUMPRODUCT(($E$3:$E$30=E5)*($F$3:$F$30=F5)*($G$3:$G$30=G5)*($H$3:$H$30=H5)*($I$3:$I$30=I5)*($J$3:$J$30=J5)*($K$3:$K$30=K5)*($L$3:$L$30=L5)*($M$3:$M$30=M5)*($N$3:$N$30=N5)*($O$3:$O$30=O5)*($P$3:$P$30=P5)*($Q$3:$Q$30=Q5)*($R$3:$R$30=R5)*($S$3:$S$30=S5)*($T$3:$T$30=T5)*($U$3:$U$30=U5)*($V$3:$V$30=V5)*($W$3:$W$30=W5)*($X$3:$X$30=X5)*($Y$3:$Y$30=Y5)*($Z$3:$Z$30=Z5)*($AA$3:$AA$30=AA5)*($AB$3:$AB$30>AB5)),"") -> 0 | BA5: =IF(B5<>"",SUMPRODUCT(($E$3:$E$30=E5)*($F$3:$F$30=F5)*($G$3:$G$30=G5)*($H$3:$H$30=H5)*($I$3:$I$30=I5)*($J$3:$J$30=J5)*($K$3:$K$30=K5)*($L$3:$L$30=L5)*($M$3:$M$30=M5)*($N$3:$N$30=N5)*($O$3:$O$30=O5)*($P$3:$P$30=P5)*($Q$3:$Q$30=Q5)*($R$3:$R$30=R5)*($S$3:$S$30=S5)*($T$3:$T$30=T5)*($U$3:$U$30=U5)*($V$3:$V$30=V5)*($W$3:$W$30=W5)*($X$3:$X$30=X5)*($Y$3:$Y$30=Y5)*($Z$3:$Z$30=Z5)*($AA$3:$AA$30=AA5)*($AB$3:$AB$30=AB5)*($AC$3:$AC$30>AC5)),"") -> 0 | BB5: =IF(B5<>"",SUMPRODUCT(($E$3:$E$30=E5)*($F$3:$F$30=F5)*($G$3:$G$30=G5)*($H$3:$H$30=H5)*($I$3:$I$30=I5)*($J$3:$J$30=J5)*($K$3:$K$30=K5)*($L$3:$L$30=L5)*($M$3:$M$30=M5)*($N$3:$N$30=N5)*($O$3:$O$30=O5)*($P$3:$P$30=P5)*($Q$3:$Q$30=Q5)*($R$3:$R$30=R5)*($S$3:$S$30=S5)*($T$3:$T$30=T5)*($U$3:$U$30=U5)*($V$3:$V$30=V5)*($W$3:$W$30=W5)*($X$3:$X$30=X5)*($Y$3:$Y$30=Y5)*($Z$3:$Z$30=Z5)*($AA$3:$AA$30=AA5)*($AB$3:$AB$30=AB5)*($AC$3:$AC$30=AC5)*($BC$3:$BC$30<BC5)),"") -> 0 | BC5: =IF(B5<>"",'Equipes e Pilotos'!B5,"") -> 3
A6: =IF(B6<>"",RANK(E6,E$3:E$30)+SUM(AD6:BB6),"") -> 1 | B6: =IF('Equipes e Pilotos'!C6<>"",'Equipes e Pilotos'!C6,"") -> Kimi Antonelli | C6: =IF(B6<>"",VLOOKUP(B6,'Equipes e Pilotos'!$C$3:$F$30,3,FALSE),"") -> Itália | D6: =IF(B6<>"",VLOOKUP(B6,'Equipes e Pilotos'!$C$3:$F$30,4,FALSE),"") -> Mercedes | E6: =IF(B6<>"",SUMIF(Resultados!C:C,B6,Resultados!F:F),"") -> 340 | F6: =IF(B6<>"",SUMPRODUCT((Resultados!$B$1:$B$602=1)*(Resultados!$C$1:$C$602=B6)*1),"") -> 9 | G6: =IF(B6<>"",SUMPRODUCT((Resultados!$B$1:$B$602=2)*(Resultados!$C$1:$C$602=B6)*1),"") -> 3 | H6: =IF(B6<>"",SUMPRODUCT((Resultados!$B$1:$B$602=3)*(Resultados!$C$1:$C$602=B6)*1),"") -> 3 | I6: =IF(B6<>"",SUMPRODUCT((Resultados!$B$1:$B$602=4)*(Resultados!$C$1:$C$602=B6)*1),"") -> 1 | J6: =IF(B6<>"",SUMPRODUCT((Resultados!$B$1:$B$602=5)*(Resultados!$C$1:$C$602=B6)*1),"") -> 2 | K6: =IF(B6<>"",SUMPRODUCT((Resultados!$B$1:$B$602=6)*(Resultados!$C$1:$C$602=B6)*1),"") -> 1 | L6: =IF(B6<>"",SUMPRODUCT((Resultados!$B$1:$B$602=7)*(Resultados!$C$1:$C$602=B6)*1),"") -> 0 | M6: =IF(B6<>"",SUMPRODUCT((Resultados!$B$1:$B$602=8)*(Resultados!$C$1:$C$602=B6)*1),"") -> 0 | N6: =IF(B6<>"",SUMPRODUCT((Resultados!$B$1:$B$602=9)*(Resultados!$C$1:$C$602=B6)*1),"") -> 0 | O6: =IF(B6<>"",SUMPRODUCT((Resultados!$B$1:$B$602=10)*(Resultados!$C$1:$C$602=B6)*1),"") -> 0 | P6: =IF(B6<>"",SUMPRODUCT((Resultados!$B$1:$B$602=11)*(Resultados!$C$1:$C$602=B6)*1),"") -> 0 | Q6: =IF(B6<>"",SUMPRODUCT((Resultados!$B$1:$B$602=12)*(Resultados!$C$1:$C$602=B6)*1),"") -> 0 | R6: =IF(B6<>"",SUMPRODUCT((Resultados!$B$1:$B$602=13)*(Resultados!$C$1:$C$602=B6)*1),"") -> 0 | S6: =IF(B6<>"",SUMPRODUCT((Resultados!$B$1:$B$602=14)*(Resultados!$C$1:$C$602=B6)*1),"") -> 0 | T6: =IF(B6<>"",SUMPRODUCT((Resultados!$B$1:$B$602=15)*(Resultados!$C$1:$C$602=B6)*1),"") -> 1 | U6: =IF(B6<>"",SUMPRODUCT((Resultados!$B$1:$B$602=16)*(Resultados!$C$1:$C$602=B6)*1),"") -> 1 | V6: =IF(B6<>"",SUMPRODUCT((Resultados!$B$1:$B$602=17)*(Resultados!$C$1:$C$602=B6)*1),"") -> 0 | W6: =IF(B6<>"",SUMPRODUCT((Resultados!$B$1:$B$602=18)*(Resultados!$C$1:$C$602=B6)*1),"") -> 0 | X6: =IF(B6<>"",SUMPRODUCT((Resultados!$B$1:$B$602=19)*(Resultados!$C$1:$C$602=B6)*1),"") -> 0 | Y6: =IF(B6<>"",SUMPRODUCT((Resultados!$B$1:$B$602=20)*(Resultados!$C$1:$C$602=B6)*1),"") -> 0 | Z6: =IF(B6<>"",SUMPRODUCT((Resultados!$B$1:$B$602=21)*(Resultados!$C$1:$C$602=B6)*1),"") -> 0 | AA6: =IF(B6<>"",SUMPRODUCT((Resultados!$B$1:$B$602=22)*(Resultados!$C$1:$C$602=B6)*1),"") -> 0 | AB6: =IF(B6<>"",SUMPRODUCT((Resultados!$B$1:$B$602=23)*(Resultados!$C$1:$C$602=B6)*1),"") -> 0 | AC6: =IF(B6<>"",SUMPRODUCT((Resultados!$B$1:$B$602=24)*(Resultados!$C$1:$C$602=B6)*1),"") -> 0 | AD6: =IF(B6<>"",SUMPRODUCT(($E$3:$E$30=E6)*($F$3:$F$30>F6)),"") -> 0 | AE6: =IF(B6<>"",SUMPRODUCT(($E$3:$E$30=E6)*($F$3:$F$30=F6)*($G$3:$G$30>G6)),"") -> 0 | AF6: =IF(B6<>"",SUMPRODUCT(($E$3:$E$30=E6)*($F$3:$F$30=F6)*($G$3:$G$30=G6)*($H$3:$H$30>H6)),"") -> 0 | AG6: =IF(B6<>"",SUMPRODUCT(($E$3:$E$30=E6)*($F$3:$F$30=F6)*($G$3:$G$30=G6)*($H$3:$H$30=H6)*($I$3:$I$30>I6)),"") -> 0 | AH6: =IF(B6<>"",SUMPRODUCT(($E$3:$E$30=E6)*($F$3:$F$30=F6)*($G$3:$G$30=G6)*($H$3:$H$30=H6)*($I$3:$I$30=I6)*($J$3:$J$30>J6)),"") -> 0 | AI6: =IF(B6<>"",SUMPRODUCT(($E$3:$E$30=E6)*($F$3:$F$30=F6)*($G$3:$G$30=G6)*($H$3:$H$30=H6)*($I$3:$I$30=I6)*($J$3:$J$30=J6)*($K$3:$K$30>K6)),"") -> 0 | AJ6: =IF(B6<>"",SUMPRODUCT(($E$3:$E$30=E6)*($F$3:$F$30=F6)*($G$3:$G$30=G6)*($H$3:$H$30=H6)*($I$3:$I$30=I6)*($J$3:$J$30=J6)*($K$3:$K$30=K6)*($L$3:$L$30>L6)),"") -> 0 | AK6: =IF(B6<>"",SUMPRODUCT(($E$3:$E$30=E6)*($F$3:$F$30=F6)*($G$3:$G$30=G6)*($H$3:$H$30=H6)*($I$3:$I$30=I6)*($J$3:$J$30=J6)*($K$3:$K$30=K6)*($L$3:$L$30=L6)*($M$3:$M$30>M6)),"") -> 0 | AL6: =IF(B6<>"",SUMPRODUCT(($E$3:$E$30=E6)*($F$3:$F$30=F6)*($G$3:$G$30=G6)*($H$3:$H$30=H6)*($I$3:$I$30=I6)*($J$3:$J$30=J6)*($K$3:$K$30=K6)*($L$3:$L$30=L6)*($M$3:$M$30=M6)*($N$3:$N$30>N6)),"") -> 0 | AM6: =IF(B6<>"",SUMPRODUCT(($E$3:$E$30=E6)*($F$3:$F$30=F6)*($G$3:$G$30=G6)*($H$3:$H$30=H6)*($I$3:$I$30=I6)*($J$3:$J$30=J6)*($K$3:$K$30=K6)*($L$3:$L$30=L6)*($M$3:$M$30=M6)*($N$3:$N$30=N6)*($O$3:$O$30>O6)),"") -> 0 | AN6: =IF(B6<>"",SUMPRODUCT(($E$3:$E$30=E6)*($F$3:$F$30=F6)*($G$3:$G$30=G6)*($H$3:$H$30=H6)*($I$3:$I$30=I6)*($J$3:$J$30=J6)*($K$3:$K$30=K6)*($L$3:$L$30=L6)*($M$3:$M$30=M6)*($N$3:$N$30=N6)*($O$3:$O$30=O6)*($P$3:$P$30>P6)),"") -> 0 | AO6: =IF(B6<>"",SUMPRODUCT(($E$3:$E$30=E6)*($F$3:$F$30=F6)*($G$3:$G$30=G6)*($H$3:$H$30=H6)*($I$3:$I$30=I6)*($J$3:$J$30=J6)*($K$3:$K$30=K6)*($L$3:$L$30=L6)*($M$3:$M$30=M6)*($N$3:$N$30=N6)*($O$3:$O$30=O6)*($P$3:$P$30=P6)*($Q$3:$Q$30>Q6)),"") -> 0 | AP6: =IF(B6<>"",SUMPRODUCT(($E$3:$E$30=E6)*($F$3:$F$30=F6)*($G$3:$G$30=G6)*($H$3:$H$30=H6)*($I$3:$I$30=I6)*($J$3:$J$30=J6)*($K$3:$K$30=K6)*($L$3:$L$30=L6)*($M$3:$M$30=M6)*($N$3:$N$30=N6)*($O$3:$O$30=O6)*($P$3:$P$30=P6)*($Q$3:$Q$30=Q6)*($R$3:$R$30>R6)),"") -> 0 | AQ6: =IF(B6<>"",SUMPRODUCT(($E$3:$E$30=E6)*($F$3:$F$30=F6)*($G$3:$G$30=G6)*($H$3:$H$30=H6)*($I$3:$I$30=I6)*($J$3:$J$30=J6)*($K$3:$K$30=K6)*($L$3:$L$30=L6)*($M$3:$M$30=M6)*($N$3:$N$30=N6)*($O$3:$O$30=O6)*($P$3:$P$30=P6)*($Q$3:$Q$30=Q6)*($R$3:$R$30=R6)*($S$3:$S$30>S6)),"") -> 0 | AR6: =IF(B6<>"",SUMPRODUCT(($E$3:$E$30=E6)*($F$3:$F$30=F6)*($G$3:$G$30=G6)*($H$3:$H$30=H6)*($I$3:$I$30=I6)*($J$3:$J$30=J6)*($K$3:$K$30=K6)*($L$3:$L$30=L6)*($M$3:$M$30=M6)*($N$3:$N$30=N6)*($O$3:$O$30=O6)*($P$3:$P$30=P6)*($Q$3:$Q$30=Q6)*($R$3:$R$30=R6)*($S$3:$S$30=S6)*($T$3:$T$30>T6)),"") -> 0 | AS6: =IF(B6<>"",SUMPRODUCT(($E$3:$E$30=E6)*($F$3:$F$30=F6)*($G$3:$G$30=G6)*($H$3:$H$30=H6)*($I$3:$I$30=I6)*($J$3:$J$30=J6)*($K$3:$K$30=K6)*($L$3:$L$30=L6)*($M$3:$M$30=M6)*($N$3:$N$30=N6)*($O$3:$O$30=O6)*($P$3:$P$30=P6)*($Q$3:$Q$30=Q6)*($R$3:$R$30=R6)*($S$3:$S$30=S6)*($T$3:$T$30=T6)*($U$3:$U$30>U6)),"") -> 0 | AT6: =IF(B6<>"",SUMPRODUCT(($E$3:$E$30=E6)*($F$3:$F$30=F6)*($G$3:$G$30=G6)*($H$3:$H$30=H6)*($I$3:$I$30=I6)*($J$3:$J$30=J6)*($K$3:$K$30=K6)*($L$3:$L$30=L6)*($M$3:$M$30=M6)*($N$3:$N$30=N6)*($O$3:$O$30=O6)*($P$3:$P$30=P6)*($Q$3:$Q$30=Q6)*($R$3:$R$30=R6)*($S$3:$S$30=S6)*($T$3:$T$30=T6)*($U$3:$U$30=U6)*($V$3:$V$30>V6)),"") -> 0 | AU6: =IF(B6<>"",SUMPRODUCT(($E$3:$E$30=E6)*($F$3:$F$30=F6)*($G$3:$G$30=G6)*($H$3:$H$30=H6)*($I$3:$I$30=I6)*($J$3:$J$30=J6)*($K$3:$K$30=K6)*($L$3:$L$30=L6)*($M$3:$M$30=M6)*($N$3:$N$30=N6)*($O$3:$O$30=O6)*($P$3:$P$30=P6)*($Q$3:$Q$30=Q6)*($R$3:$R$30=R6)*($S$3:$S$30=S6)*($T$3:$T$30=T6)*($U$3:$U$30=U6)*($V$3:$V$30=V6)*($W$3:$W$30>W6)),"") -> 0 | AV6: =IF(B6<>"",SUMPRODUCT(($E$3:$E$30=E6)*($F$3:$F$30=F6)*($G$3:$G$30=G6)*($H$3:$H$30=H6)*($I$3:$I$30=I6)*($J$3:$J$30=J6)*($K$3:$K$30=K6)*($L$3:$L$30=L6)*($M$3:$M$30=M6)*($N$3:$N$30=N6)*($O$3:$O$30=O6)*($P$3:$P$30=P6)*($Q$3:$Q$30=Q6)*($R$3:$R$30=R6)*($S$3:$S$30=S6)*($T$3:$T$30=T6)*($U$3:$U$30=U6)*($V$3:$V$30=V6)*($W$3:$W$30=W6)*($X$3:$X$30>X6)),"") -> 0 | AW6: =IF(B6<>"",SUMPRODUCT(($E$3:$E$30=E6)*($F$3:$F$30=F6)*($G$3:$G$30=G6)*($H$3:$H$30=H6)*($I$3:$I$30=I6)*($J$3:$J$30=J6)*($K$3:$K$30=K6)*($L$3:$L$30=L6)*($M$3:$M$30=M6)*($N$3:$N$30=N6)*($O$3:$O$30=O6)*($P$3:$P$30=P6)*($Q$3:$Q$30=Q6)*($R$3:$R$30=R6)*($S$3:$S$30=S6)*($T$3:$T$30=T6)*($U$3:$U$30=U6)*($V$3:$V$30=V6)*($W$3:$W$30=W6)*($X$3:$X$30=X6)*($Y$3:$Y$30>Y6)),"") -> 0 | AX6: =IF(B6<>"",SUMPRODUCT(($E$3:$E$30=E6)*($F$3:$F$30=F6)*($G$3:$G$30=G6)*($H$3:$H$30=H6)*($I$3:$I$30=I6)*($J$3:$J$30=J6)*($K$3:$K$30=K6)*($L$3:$L$30=L6)*($M$3:$M$30=M6)*($N$3:$N$30=N6)*($O$3:$O$30=O6)*($P$3:$P$30=P6)*($Q$3:$Q$30=Q6)*($R$3:$R$30=R6)*($S$3:$S$30=S6)*($T$3:$T$30=T6)*($U$3:$U$30=U6)*($V$3:$V$30=V6)*($W$3:$W$30=W6)*($X$3:$X$30=X6)*($Y$3:$Y$30=Y6)*($Z$3:$Z$30>Z6)),"") -> 0 | AY6: =IF(B6<>"",SUMPRODUCT(($E$3:$E$30=E6)*($F$3:$F$30=F6)*($G$3:$G$30=G6)*($H$3:$H$30=H6)*($I$3:$I$30=I6)*($J$3:$J$30=J6)*($K$3:$K$30=K6)*($L$3:$L$30=L6)*($M$3:$M$30=M6)*($N$3:$N$30=N6)*($O$3:$O$30=O6)*($P$3:$P$30=P6)*($Q$3:$Q$30=Q6)*($R$3:$R$30=R6)*($S$3:$S$30=S6)*($T$3:$T$30=T6)*($U$3:$U$30=U6)*($V$3:$V$30=V6)*($W$3:$W$30=W6)*($X$3:$X$30=X6)*($Y$3:$Y$30=Y6)*($Z$3:$Z$30=Z6)*($AA$3:$AA$30>AA6)),"") -> 0 | AZ6: =IF(B6<>"",SUMPRODUCT(($E$3:$E$30=E6)*($F$3:$F$30=F6)*($G$3:$G$30=G6)*($H$3:$H$30=H6)*($I$3:$I$30=I6)*($J$3:$J$30=J6)*($K$3:$K$30=K6)*($L$3:$L$30=L6)*($M$3:$M$30=M6)*($N$3:$N$30=N6)*($O$3:$O$30=O6)*($P$3:$P$30=P6)*($Q$3:$Q$30=Q6)*($R$3:$R$30=R6)*($S$3:$S$30=S6)*($T$3:$T$30=T6)*($U$3:$U$30=U6)*($V$3:$V$30=V6)*($W$3:$W$30=W6)*($X$3:$X$30=X6)*($Y$3:$Y$30=Y6)*($Z$3:$Z$30=Z6)*($AA$3:$AA$30=AA6)*($AB$3:$AB$30>AB6)),"") -> 0 | BA6: =IF(B6<>"",SUMPRODUCT(($E$3:$E$30=E6)*($F$3:$F$30=F6)*($G$3:$G$30=G6)*($H$3:$H$30=H6)*($I$3:$I$30=I6)*($J$3:$J$30=J6)*($K$3:$K$30=K6)*($L$3:$L$30=L6)*($M$3:$M$30=M6)*($N$3:$N$30=N6)*($O$3:$O$30=O6)*($P$3:$P$30=P6)*($Q$3:$Q$30=Q6)*($R$3:$R$30=R6)*($S$3:$S$30=S6)*($T$3:$T$30=T6)*($U$3:$U$30=U6)*($V$3:$V$30=V6)*($W$3:$W$30=W6)*($X$3:$X$30=X6)*($Y$3:$Y$30=Y6)*($Z$3:$Z$30=Z6)*($AA$3:$AA$30=AA6)*($AB$3:$AB$30=AB6)*($AC$3:$AC$30>AC6)),"") -> 0 | BB6: =IF(B6<>"",SUMPRODUCT(($E$3:$E$30=E6)*($F$3:$F$30=F6)*($G$3:$G$30=G6)*($H$3:$H$30=H6)*($I$3:$I$30=I6)*($J$3:$J$30=J6)*($K$3:$K$30=K6)*($L$3:$L$30=L6)*($M$3:$M$30=M6)*($N$3:$N$30=N6)*($O$3:$O$30=O6)*($P$3:$P$30=P6)*($Q$3:$Q$30=Q6)*($R$3:$R$30=R6)*($S$3:$S$30=S6)*($T$3:$T$30=T6)*($U$3:$U$30=U6)*($V$3:$V$30=V6)*($W$3:$W$30=W6)*($X$3:$X$30=X6)*($Y$3:$Y$30=Y6)*($Z$3:$Z$30=Z6)*($AA$3:$AA$30=AA6)*($AB$3:$AB$30=AB6)*($AC$3:$AC$30=AC6)*($BC$3:$BC$30<BC6)),"") -> 0 | BC6: =IF(B6<>"",'Equipes e Pilotos'!B6,"") -> 4
A7: =IF(B7<>"",RANK(E7,E$3:E$30)+SUM(AD7:BB7),"") -> 4 | B7: =IF('Equipes e Pilotos'!C7<>"",'Equipes e Pilotos'!C7,"") -> Max Verstappen | C7: =IF(B7<>"",VLOOKUP(B7,'Equipes e Pilotos'!$C$3:$F$30,3,FALSE),"") -> Holanda | D7: =IF(B7<>"",VLOOKUP(B7,'Equipes e Pilotos'!$C$3:$F$30,4,FALSE),"") -> Red Bull | E7: =IF(B7<>"",SUMIF(Resultados!C:C,B7,Resultados!F:F),"") -> 221 | F7: =IF(B7<>"",SUMPRODUCT((Resultados!$B$1:$B$602=1)*(Resultados!$C$1:$C$602=B7)*1),"") -> 1 | G7: =IF(B7<>"",SUMPRODUCT((Resultados!$B$1:$B$602=2)*(Resultados!$C$1:$C$602=B7)*1),"") -> 4 | H7: =IF(B7<>"",SUMPRODUCT((Resultados!$B$1:$B$602=3)*(Resultados!$C$1:$C$602=B7)*1),"") -> 3 | I7: =IF(B7<>"",SUMPRODUCT((Resultados!$B$1:$B$602=4)*(Resultados!$C$1:$C$602=B7)*1),"") -> 1 | J7: =IF(B7<>"",SUMPRODUCT((Resultados!$B$1:$B$602=5)*(Resultados!$C$1:$C$602=B7)*1),"") -> 2 | K7: =IF(B7<>"",SUMPRODUCT((Resultados!$B$1:$B$602=6)*(Resultados!$C$1:$C$602=B7)*1),"") -> 3 | L7: =IF(B7<>"",SUMPRODUCT((Resultados!$B$1:$B$602=7)*(Resultados!$C$1:$C$602=B7)*1),"") -> 1 | M7: =IF(B7<>"",SUMPRODUCT((Resultados!$B$1:$B$602=8)*(Resultados!$C$1:$C$602=B7)*1),"") -> 1 | N7: =IF(B7<>"",SUMPRODUCT((Resultados!$B$1:$B$602=9)*(Resultados!$C$1:$C$602=B7)*1),"") -> 1 | O7: =IF(B7<>"",SUMPRODUCT((Resultados!$B$1:$B$602=10)*(Resultados!$C$1:$C$602=B7)*1),"") -> 0 | P7: =IF(B7<>"",SUMPRODUCT((Resultados!$B$1:$B$602=11)*(Resultados!$C$1:$C$602=B7)*1),"") -> 0 | Q7: =IF(B7<>"",SUMPRODUCT((Resultados!$B$1:$B$602=12)*(Resultados!$C$1:$C$602=B7)*1),"") -> 0 | R7: =IF(B7<>"",SUMPRODUCT((Resultados!$B$1:$B$602=13)*(Resultados!$C$1:$C$602=B7)*1),"") -> 0 | S7: =IF(B7<>"",SUMPRODUCT((Resultados!$B$1:$B$602=14)*(Resultados!$C$1:$C$602=B7)*1),"") -> 0 | T7: =IF(B7<>"",SUMPRODUCT((Resultados!$B$1:$B$602=15)*(Resultados!$C$1:$C$602=B7)*1),"") -> 0 | U7: =IF(B7<>"",SUMPRODUCT((Resultados!$B$1:$B$602=16)*(Resultados!$C$1:$C$602=B7)*1),"") -> 1 | V7: =IF(B7<>"",SUMPRODUCT((Resultados!$B$1:$B$602=17)*(Resultados!$C$1:$C$602=B7)*1),"") -> 0 | W7: =IF(B7<>"",SUMPRODUCT((Resultados!$B$1:$B$602=18)*(Resultados!$C$1:$C$602=B7)*1),"") -> 0 | X7: =IF(B7<>"",SUMPRODUCT((Resultados!$B$1:$B$602=19)*(Resultados!$C$1:$C$602=B7)*1),"") -> 0 | Y7: =IF(B7<>"",SUMPRODUCT((Resultados!$B$1:$B$602=20)*(Resultados!$C$1:$C$602=B7)*1),"") -> 1 | Z7: =IF(B7<>"",SUMPRODUCT((Resultados!$B$1:$B$602=21)*(Resultados!$C$1:$C$602=B7)*1),"") -> 0 | AA7: =IF(B7<>"",SUMPRODUCT((Resultados!$B$1:$B$602=22)*(Resultados!$C$1:$C$602=B7)*1),"") -> 2 | AB7: =IF(B7<>"",SUMPRODUCT((Resultados!$B$1:$B$602=23)*(Resultados!$C$1:$C$602=B7)*1),"") -> 0 | AC7: =IF(B7<>"",SUMPRODUCT((Resultados!$B$1:$B$602=24)*(Resultados!$C$1:$C$602=B7)*1),"") -> 0 | AD7: =IF(B7<>"",SUMPRODUCT(($E$3:$E$30=E7)*($F$3:$F$30>F7)),"") -> 0 | AE7: =IF(B7<>"",SUMPRODUCT(($E$3:$E$30=E7)*($F$3:$F$30=F7)*($G$3:$G$30>G7)),"") -> 0 | AF7: =IF(B7<>"",SUMPRODUCT(($E$3:$E$30=E7)*($F$3:$F$30=F7)*($G$3:$G$30=G7)*($H$3:$H$30>H7)),"") -> 0 | AG7: =IF(B7<>"",SUMPRODUCT(($E$3:$E$30=E7)*($F$3:$F$30=F7)*($G$3:$G$30=G7)*($H$3:$H$30=H7)*($I$3:$I$30>I7)),"") -> 0 | AH7: =IF(B7<>"",SUMPRODUCT(($E$3:$E$30=E7)*($F$3:$F$30=F7)*($G$3:$G$30=G7)*($H$3:$H$30=H7)*($I$3:$I$30=I7)*($J$3:$J$30>J7)),"") -> 0 | AI7: =IF(B7<>"",SUMPRODUCT(($E$3:$E$30=E7)*($F$3:$F$30=F7)*($G$3:$G$30=G7)*($H$3:$H$30=H7)*($I$3:$I$30=I7)*($J$3:$J$30=J7)*($K$3:$K$30>K7)),"") -> 0 | AJ7: =IF(B7<>"",SUMPRODUCT(($E$3:$E$30=E7)*($F$3:$F$30=F7)*($G$3:$G$30=G7)*($H$3:$H$30=H7)*($I$3:$I$30=I7)*($J$3:$J$30=J7)*($K$3:$K$30=K7)*($L$3:$L$30>L7)),"") -> 0 | AK7: =IF(B7<>"",SUMPRODUCT(($E$3:$E$30=E7)*($F$3:$F$30=F7)*($G$3:$G$30=G7)*($H$3:$H$30=H7)*($I$3:$I$30=I7)*($J$3:$J$30=J7)*($K$3:$K$30=K7)*($L$3:$L$30=L7)*($M$3:$M$30>M7)),"") -> 0 | AL7: =IF(B7<>"",SUMPRODUCT(($E$3:$E$30=E7)*($F$3:$F$30=F7)*($G$3:$G$30=G7)*($H$3:$H$30=H7)*($I$3:$I$30=I7)*($J$3:$J$30=J7)*($K$3:$K$30=K7)*($L$3:$L$30=L7)*($M$3:$M$30=M7)*($N$3:$N$30>N7)),"") -> 0 | AM7: =IF(B7<>"",SUMPRODUCT(($E$3:$E$30=E7)*($F$3:$F$30=F7)*($G$3:$G$30=G7)*($H$3:$H$30=H7)*($I$3:$I$30=I7)*($J$3:$J$30=J7)*($K$3:$K$30=K7)*($L$3:$L$30=L7)*($M$3:$M$30=M7)*($N$3:$N$30=N7)*($O$3:$O$30>O7)),"") -> 0 | AN7: =IF(B7<>"",SUMPRODUCT(($E$3:$E$30=E7)*($F$3:$F$30=F7)*($G$3:$G$30=G7)*($H$3:$H$30=H7)*($I$3:$I$30=I7)*($J$3:$J$30=J7)*($K$3:$K$30=K7)*($L$3:$L$30=L7)*($M$3:$M$30=M7)*($N$3:$N$30=N7)*($O$3:$O$30=O7)*($P$3:$P$30>P7)),"") -> 0 | AO7: =IF(B7<>"",SUMPRODUCT(($E$3:$E$30=E7)*($F$3:$F$30=F7)*($G$3:$G$30=G7)*($H$3:$H$30=H7)*($I$3:$I$30=I7)*($J$3:$J$30=J7)*($K$3:$K$30=K7)*($L$3:$L$30=L7)*($M$3:$M$30=M7)*($N$3:$N$30=N7)*($O$3:$O$30=O7)*($P$3:$P$30=P7)*($Q$3:$Q$30>Q7)),"") -> 0 | AP7: =IF(B7<>"",SUMPRODUCT(($E$3:$E$30=E7)*($F$3:$F$30=F7)*($G$3:$G$30=G7)*($H$3:$H$30=H7)*($I$3:$I$30=I7)*($J$3:$J$30=J7)*($K$3:$K$30=K7)*($L$3:$L$30=L7)*($M$3:$M$30=M7)*($N$3:$N$30=N7)*($O$3:$O$30=O7)*($P$3:$P$30=P7)*($Q$3:$Q$30=Q7)*($R$3:$R$30>R7)),"") -> 0 | AQ7: =IF(B7<>"",SUMPRODUCT(($E$3:$E$30=E7)*($F$3:$F$30=F7)*($G$3:$G$30=G7)*($H$3:$H$30=H7)*($I$3:$I$30=I7)*($J$3:$J$30=J7)*($K$3:$K$30=K7)*($L$3:$L$30=L7)*($M$3:$M$30=M7)*($N$3:$N$30=N7)*($O$3:$O$30=O7)*($P$3:$P$30=P7)*($Q$3:$Q$30=Q7)*($R$3:$R$30=R7)*($S$3:$S$30>S7)),"") -> 0 | AR7: =IF(B7<>"",SUMPRODUCT(($E$3:$E$30=E7)*($F$3:$F$30=F7)*($G$3:$G$30=G7)*($H$3:$H$30=H7)*($I$3:$I$30=I7)*($J$3:$J$30=J7)*($K$3:$K$30=K7)*($L$3:$L$30=L7)*($M$3:$M$30=M7)*($N$3:$N$30=N7)*($O$3:$O$30=O7)*($P$3:$P$30=P7)*($Q$3:$Q$30=Q7)*($R$3:$R$30=R7)*($S$3:$S$30=S7)*($T$3:$T$30>T7)),"") -> 0 | AS7: =IF(B7<>"",SUMPRODUCT(($E$3:$E$30=E7)*($F$3:$F$30=F7)*($G$3:$G$30=G7)*($H$3:$H$30=H7)*($I$3:$I$30=I7)*($J$3:$J$30=J7)*($K$3:$K$30=K7)*($L$3:$L$30=L7)*($M$3:$M$30=M7)*($N$3:$N$30=N7)*($O$3:$O$30=O7)*($P$3:$P$30=P7)*($Q$3:$Q$30=Q7)*($R$3:$R$30=R7)*($S$3:$S$30=S7)*($T$3:$T$30=T7)*($U$3:$U$30>U7)),"") -> 0 | AT7: =IF(B7<>"",SUMPRODUCT(($E$3:$E$30=E7)*($F$3:$F$30=F7)*($G$3:$G$30=G7)*($H$3:$H$30=H7)*($I$3:$I$30=I7)*($J$3:$J$30=J7)*($K$3:$K$30=K7)*($L$3:$L$30=L7)*($M$3:$M$30=M7)*($N$3:$N$30=N7)*($O$3:$O$30=O7)*($P$3:$P$30=P7)*($Q$3:$Q$30=Q7)*($R$3:$R$30=R7)*($S$3:$S$30=S7)*($T$3:$T$30=T7)*($U$3:$U$30=U7)*($V$3:$V$30>V7)),"") -> 0 | AU7: =IF(B7<>"",SUMPRODUCT(($E$3:$E$30=E7)*($F$3:$F$30=F7)*($G$3:$G$30=G7)*($H$3:$H$30=H7)*($I$3:$I$30=I7)*($J$3:$J$30=J7)*($K$3:$K$30=K7)*($L$3:$L$30=L7)*($M$3:$M$30=M7)*($N$3:$N$30=N7)*($O$3:$O$30=O7)*($P$3:$P$30=P7)*($Q$3:$Q$30=Q7)*($R$3:$R$30=R7)*($S$3:$S$30=S7)*($T$3:$T$30=T7)*($U$3:$U$30=U7)*($V$3:$V$30=V7)*($W$3:$W$30>W7)),"") -> 0 | AV7: =IF(B7<>"",SUMPRODUCT(($E$3:$E$30=E7)*($F$3:$F$30=F7)*($G$3:$G$30=G7)*($H$3:$H$30=H7)*($I$3:$I$30=I7)*($J$3:$J$30=J7)*($K$3:$K$30=K7)*($L$3:$L$30=L7)*($M$3:$M$30=M7)*($N$3:$N$30=N7)*($O$3:$O$30=O7)*($P$3:$P$30=P7)*($Q$3:$Q$30=Q7)*($R$3:$R$30=R7)*($S$3:$S$30=S7)*($T$3:$T$30=T7)*($U$3:$U$30=U7)*($V$3:$V$30=V7)*($W$3:$W$30=W7)*($X$3:$X$30>X7)),"") -> 0 | AW7: =IF(B7<>"",SUMPRODUCT(($E$3:$E$30=E7)*($F$3:$F$30=F7)*($G$3:$G$30=G7)*($H$3:$H$30=H7)*($I$3:$I$30=I7)*($J$3:$J$30=J7)*($K$3:$K$30=K7)*($L$3:$L$30=L7)*($M$3:$M$30=M7)*($N$3:$N$30=N7)*($O$3:$O$30=O7)*($P$3:$P$30=P7)*($Q$3:$Q$30=Q7)*($R$3:$R$30=R7)*($S$3:$S$30=S7)*($T$3:$T$30=T7)*($U$3:$U$30=U7)*($V$3:$V$30=V7)*($W$3:$W$30=W7)*($X$3:$X$30=X7)*($Y$3:$Y$30>Y7)),"") -> 0 | AX7: =IF(B7<>"",SUMPRODUCT(($E$3:$E$30=E7)*($F$3:$F$30=F7)*($G$3:$G$30=G7)*($H$3:$H$30=H7)*($I$3:$I$30=I7)*($J$3:$J$30=J7)*($K$3:$K$30=K7)*($L$3:$L$30=L7)*($M$3:$M$30=M7)*($N$3:$N$30=N7)*($O$3:$O$30=O7)*($P$3:$P$30=P7)*($Q$3:$Q$30=Q7)*($R$3:$R$30=R7)*($S$3:$S$30=S7)*($T$3:$T$30=T7)*($U$3:$U$30=U7)*($V$3:$V$30=V7)*($W$3:$W$30=W7)*($X$3:$X$30=X7)*($Y$3:$Y$30=Y7)*($Z$3:$Z$30>Z7)),"") -> 0 | AY7: =IF(B7<>"",SUMPRODUCT(($E$3:$E$30=E7)*($F$3:$F$30=F7)*($G$3:$G$30=G7)*($H$3:$H$30=H7)*($I$3:$I$30=I7)*($J$3:$J$30=J7)*($K$3:$K$30=K7)*($L$3:$L$30=L7)*($M$3:$M$30=M7)*($N$3:$N$30=N7)*($O$3:$O$30=O7)*($P$3:$P$30=P7)*($Q$3:$Q$30=Q7)*($R$3:$R$30=R7)*($S$3:$S$30=S7)*($T$3:$T$30=T7)*($U$3:$U$30=U7)*($V$3:$V$30=V7)*($W$3:$W$30=W7)*($X$3:$X$30=X7)*($Y$3:$Y$30=Y7)*($Z$3:$Z$30=Z7)*($AA$3:$AA$30>AA7)),"") -> 0 | AZ7: =IF(B7<>"",SUMPRODUCT(($E$3:$E$30=E7)*($F$3:$F$30=F7)*($G$3:$G$30=G7)*($H$3:$H$30=H7)*($I$3:$I$30=I7)*($J$3:$J$30=J7)*($K$3:$K$30=K7)*($L$3:$L$30=L7)*($M$3:$M$30=M7)*($N$3:$N$30=N7)*($O$3:$O$30=O7)*($P$3:$P$30=P7)*($Q$3:$Q$30=Q7)*($R$3:$R$30=R7)*($S$3:$S$30=S7)*($T$3:$T$30=T7)*($U$3:$U$30=U7)*($V$3:$V$30=V7)*($W$3:$W$30=W7)*($X$3:$X$30=X7)*($Y$3:$Y$30=Y7)*($Z$3:$Z$30=Z7)*($AA$3:$AA$30=AA7)*($AB$3:$AB$30>AB7)),"") -> 0 | BA7: =IF(B7<>"",SUMPRODUCT(($E$3:$E$30=E7)*($F$3:$F$30=F7)*($G$3:$G$30=G7)*($H$3:$H$30=H7)*($I$3:$I$30=I7)*($J$3:$J$30=J7)*($K$3:$K$30=K7)*($L$3:$L$30=L7)*($M$3:$M$30=M7)*($N$3:$N$30=N7)*($O$3:$O$30=O7)*($P$3:$P$30=P7)*($Q$3:$Q$30=Q7)*($R$3:$R$30=R7)*($S$3:$S$30=S7)*($T$3:$T$30=T7)*($U$3:$U$30=U7)*($V$3:$V$30=V7)*($W$3:$W$30=W7)*($X$3:$X$30=X7)*($Y$3:$Y$30=Y7)*($Z$3:$Z$30=Z7)*($AA$3:$AA$30=AA7)*($AB$3:$AB$30=AB7)*($AC$3:$AC$30>AC7)),"") -> 0 | BB7: =IF(B7<>"",SUMPRODUCT(($E$3:$E$30=E7)*($F$3:$F$30=F7)*($G$3:$G$30=G7)*($H$3:$H$30=H7)*($I$3:$I$30=I7)*($J$3:$J$30=J7)*($K$3:$K$30=K7)*($L$3:$L$30=L7)*($M$3:$M$30=M7)*($N$3:$N$30=N7)*($O$3:$O$30=O7)*($P$3:$P$30=P7)*($Q$3:$Q$30=Q7)*($R$3:$R$30=R7)*($S$3:$S$30=S7)*($T$3:$T$30=T7)*($U$3:$U$30=U7)*($V$3:$V$30=V7)*($W$3:$W$30=W7)*($X$3:$X$30=X7)*($Y$3:$Y$30=Y7)*($Z$3:$Z$30=Z7)*($AA$3:$AA$30=AA7)*($AB$3:$AB$30=AB7)*($AC$3:$AC$30=AC7)*($BC$3:$BC$30<BC7)),"") -> 0 | BC7: =IF(B7<>"",'Equipes e Pilotos'!B7,"") -> 5
A8: =IF(B8<>"",RANK(E8,E$3:E$30)+SUM(AD8:BB8),"") -> 8 | B8: =IF('Equipes e Pilotos'!C8<>"",'Equipes e Pilotos'!C8,"") -> Isack Hadjar | C8: =IF(B8<>"",VLOOKUP(B8,'Equipes e Pilotos'!$C$3:$F$30,3,FALSE),"") -> França | D8: =IF(B8<>"",VLOOKUP(B8,'Equipes e Pilotos'!$C$3:$F$30,4,FALSE),"") -> Red Bull | E8: =IF(B8<>"",SUMIF(Resultados!C:C,B8,Resultados!F:F),"") -> 97 | F8: =IF(B8<>"",SUMPRODUCT((Resultados!$B$1:$B$602=1)*(Resultados!$C$1:$C$602=B8)*1),"") -> 0 | G8: =IF(B8<>"",SUMPRODUCT((Resultados!$B$1:$B$602=2)*(Resultados!$C$1:$C$602=B8)*1),"") -> 0 | H8: =IF(B8<>"",SUMPRODUCT((Resultados!$B$1:$B$602=3)*(Resultados!$C$1:$C$602=B8)*1),"") -> 2 | I8: =IF(B8<>"",SUMPRODUCT((Resultados!$B$1:$B$602=4)*(Resultados!$C$1:$C$602=B8)*1),"") -> 0 | J8: =IF(B8<>"",SUMPRODUCT((Resultados!$B$1:$B$602=5)*(Resultados!$C$1:$C$602=B8)*1),"") -> 3 | K8: =IF(B8<>"",SUMPRODUCT((Resultados!$B$1:$B$602=6)*(Resultados!$C$1:$C$602=B8)*1),"") -> 4 | L8: =IF(B8<>"",SUMPRODUCT((Resultados!$B$1:$B$602=7)*(Resultados!$C$1:$C$602=B8)*1),"") -> 0 | M8: =IF(B8<>"",SUMPRODUCT((Resultados!$B$1:$B$602=8)*(Resultados!$C$1:$C$602=B8)*1),"") -> 1 | N8: =IF(B8<>"",SUMPRODUCT((Resultados!$B$1:$B$602=9)*(Resultados!$C$1:$C$602=B8)*1),"") -> 2 | O8: =IF(B8<>"",SUMPRODUCT((Resultados!$B$1:$B$602=10)*(Resultados!$C$1:$C$602=B8)*1),"") -> 0 | P8: =IF(B8<>"",SUMPRODUCT((Resultados!$B$1:$B$602=11)*(Resultados!$C$1:$C$602=B8)*1),"") -> 0 | Q8: =IF(B8<>"",SUMPRODUCT((Resultados!$B$1:$B$602=12)*(Resultados!$C$1:$C$602=B8)*1),"") -> 1 | R8: =IF(B8<>"",SUMPRODUCT((Resultados!$B$1:$B$602=13)*(Resultados!$C$1:$C$602=B8)*1),"") -> 0 | S8: =IF(B8<>"",SUMPRODUCT((Resultados!$B$1:$B$602=14)*(Resultados!$C$1:$C$602=B8)*1),"") -> 0 | T8: =IF(B8<>"",SUMPRODUCT((Resultados!$B$1:$B$602=15)*(Resultados!$C$1:$C$602=B8)*1),"") -> 1 | U8: =IF(B8<>"",SUMPRODUCT((Resultados!$B$1:$B$602=16)*(Resultados!$C$1:$C$602=B8)*1),"") -> 0 | V8: =IF(B8<>"",SUMPRODUCT((Resultados!$B$1:$B$602=17)*(Resultados!$C$1:$C$602=B8)*1),"") -> 0 | W8: =IF(B8<>"",SUMPRODUCT((Resultados!$B$1:$B$602=18)*(Resultados!$C$1:$C$602=B8)*1),"") -> 0 | X8: =IF(B8<>"",SUMPRODUCT((Resultados!$B$1:$B$602=19)*(Resultados!$C$1:$C$602=B8)*1),"") -> 0 | Y8: =IF(B8<>"",SUMPRODUCT((Resultados!$B$1:$B$602=20)*(Resultados!$C$1:$C$602=B8)*1),"") -> 1 | Z8: =IF(B8<>"",SUMPRODUCT((Resultados!$B$1:$B$602=21)*(Resultados!$C$1:$C$602=B8)*1),"") -> 1 | AA8: =IF(B8<>"",SUMPRODUCT((Resultados!$B$1:$B$602=22)*(Resultados!$C$1:$C$602=B8)*1),"") -> 1 | AB8: =IF(B8<>"",SUMPRODUCT((Resultados!$B$1:$B$602=23)*(Resultados!$C$1:$C$602=B8)*1),"") -> 0 | AC8: =IF(B8<>"",SUMPRODUCT((Resultados!$B$1:$B$602=24)*(Resultados!$C$1:$C$602=B8)*1),"") -> 0 | AD8: =IF(B8<>"",SUMPRODUCT(($E$3:$E$30=E8)*($F$3:$F$30>F8)),"") -> 0 | AE8: =IF(B8<>"",SUMPRODUCT(($E$3:$E$30=E8)*($F$3:$F$30=F8)*($G$3:$G$30>G8)),"") -> 0 | AF8: =IF(B8<>"",SUMPRODUCT(($E$3:$E$30=E8)*($F$3:$F$30=F8)*($G$3:$G$30=G8)*($H$3:$H$30>H8)),"") -> 0 | AG8: =IF(B8<>"",SUMPRODUCT(($E$3:$E$30=E8)*($F$3:$F$30=F8)*($G$3:$G$30=G8)*($H$3:$H$30=H8)*($I$3:$I$30>I8)),"") -> 0 | AH8: =IF(B8<>"",SUMPRODUCT(($E$3:$E$30=E8)*($F$3:$F$30=F8)*($G$3:$G$30=G8)*($H$3:$H$30=H8)*($I$3:$I$30=I8)*($J$3:$J$30>J8)),"") -> 0 | AI8: =IF(B8<>"",SUMPRODUCT(($E$3:$E$30=E8)*($F$3:$F$30=F8)*($G$3:$G$30=G8)*($H$3:$H$30=H8)*($I$3:$I$30=I8)*($J$3:$J$30=J8)*($K$3:$K$30>K8)),"") -> 0 | AJ8: =IF(B8<>"",SUMPRODUCT(($E$3:$E$30=E8)*($F$3:$F$30=F8)*($G$3:$G$30=G8)*($H$3:$H$30=H8)*($I$3:$I$30=I8)*($J$3:$J$30=J8)*($K$3:$K$30=K8)*($L$3:$L$30>L8)),"") -> 0 | AK8: =IF(B8<>"",SUMPRODUCT(($E$3:$E$30=E8)*($F$3:$F$30=F8)*($G$3:$G$30=G8)*($H$3:$H$30=H8)*($I$3:$I$30=I8)*($J$3:$J$30=J8)*($K$3:$K$30=K8)*($L$3:$L$30=L8)*($M$3:$M$30>M8)),"") -> 0 | AL8: =IF(B8<>"",SUMPRODUCT(($E$3:$E$30=E8)*($F$3:$F$30=F8)*($G$3:$G$30=G8)*($H$3:$H$30=H8)*($I$3:$I$30=I8)*($J$3:$J$30=J8)*($K$3:$K$30=K8)*($L$3:$L$30=L8)*($M$3:$M$30=M8)*($N$3:$N$30>N8)),"") -> 0 | AM8: =IF(B8<>"",SUMPRODUCT(($E$3:$E$30=E8)*($F$3:$F$30=F8)*($G$3:$G$30=G8)*($H$3:$H$30=H8)*($I$3:$I$30=I8)*($J$3:$J$30=J8)*($K$3:$K$30=K8)*($L$3:$L$30=L8)*($M$3:$M$30=M8)*($N$3:$N$30=N8)*($O$3:$O$30>O8)),"") -> 0 | AN8: =IF(B8<>"",SUMPRODUCT(($E$3:$E$30=E8)*($F$3:$F$30=F8)*($G$3:$G$30=G8)*($H$3:$H$30=H8)*($I$3:$I$30=I8)*($J$3:$J$30=J8)*($K$3:$K$30=K8)*($L$3:$L$30=L8)*($M$3:$M$30=M8)*($N$3:$N$30=N8)*($O$3:$O$30=O8)*($P$3:$P$30>P8)),"") -> 0 | AO8: =IF(B8<>"",SUMPRODUCT(($E$3:$E$30=E8)*($F$3:$F$30=F8)*($G$3:$G$30=G8)*($H$3:$H$30=H8)*($I$3:$I$30=I8)*($J$3:$J$30=J8)*($K$3:$K$30=K8)*($L$3:$L$30=L8)*($M$3:$M$30=M8)*($N$3:$N$30=N8)*($O$3:$O$30=O8)*($P$3:$P$30=P8)*($Q$3:$Q$30>Q8)),"") -> 0 | AP8: =IF(B8<>"",SUMPRODUCT(($E$3:$E$30=E8)*($F$3:$F$30=F8)*($G$3:$G$30=G8)*($H$3:$H$30=H8)*($I$3:$I$30=I8)*($J$3:$J$30=J8)*($K$3:$K$30=K8)*($L$3:$L$30=L8)*($M$3:$M$30=M8)*($N$3:$N$30=N8)*($O$3:$O$30=O8)*($P$3:$P$30=P8)*($Q$3:$Q$30=Q8)*($R$3:$R$30>R8)),"") -> 0 | AQ8: =IF(B8<>"",SUMPRODUCT(($E$3:$E$30=E8)*($F$3:$F$30=F8)*($G$3:$G$30=G8)*($H$3:$H$30=H8)*($I$3:$I$30=I8)*($J$3:$J$30=J8)*($K$3:$K$30=K8)*($L$3:$L$30=L8)*($M$3:$M$30=M8)*($N$3:$N$30=N8)*($O$3:$O$30=O8)*($P$3:$P$30=P8)*($Q$3:$Q$30=Q8)*($R$3:$R$30=R8)*($S$3:$S$30>S8)),"") -> 0 | AR8: =IF(B8<>"",SUMPRODUCT(($E$3:$E$30=E8)*($F$3:$F$30=F8)*($G$3:$G$30=G8)*($H$3:$H$30=H8)*($I$3:$I$30=I8)*($J$3:$J$30=J8)*($K$3:$K$30=K8)*($L$3:$L$30=L8)*($M$3:$M$30=M8)*($N$3:$N$30=N8)*($O$3:$O$30=O8)*($P$3:$P$30=P8)*($Q$3:$Q$30=Q8)*($R$3:$R$30=R8)*($S$3:$S$30=S8)*($T$3:$T$30>T8)),"") -> 0 | AS8: =IF(B8<>"",SUMPRODUCT(($E$3:$E$30=E8)*($F$3:$F$30=F8)*($G$3:$G$30=G8)*($H$3:$H$30=H8)*($I$3:$I$30=I8)*($J$3:$J$30=J8)*($K$3:$K$30=K8)*($L$3:$L$30=L8)*($M$3:$M$30=M8)*($N$3:$N$30=N8)*($O$3:$O$30=O8)*($P$3:$P$30=P8)*($Q$3:$Q$30=Q8)*($R$3:$R$30=R8)*($S$3:$S$30=S8)*($T$3:$T$30=T8)*($U$3:$U$30>U8)),"") -> 0 | AT8: =IF(B8<>"",SUMPRODUCT(($E$3:$E$30=E8)*($F$3:$F$30=F8)*($G$3:$G$30=G8)*($H$3:$H$30=H8)*($I$3:$I$30=I8)*($J$3:$J$30=J8)*($K$3:$K$30=K8)*($L$3:$L$30=L8)*($M$3:$M$30=M8)*($N$3:$N$30=N8)*($O$3:$O$30=O8)*($P$3:$P$30=P8)*($Q$3:$Q$30=Q8)*($R$3:$R$30=R8)*($S$3:$S$30=S8)*($T$3:$T$30=T8)*($U$3:$U$30=U8)*($V$3:$V$30>V8)),"") -> 0 | AU8: =IF(B8<>"",SUMPRODUCT(($E$3:$E$30=E8)*($F$3:$F$30=F8)*($G$3:$G$30=G8)*($H$3:$H$30=H8)*($I$3:$I$30=I8)*($J$3:$J$30=J8)*($K$3:$K$30=K8)*($L$3:$L$30=L8)*($M$3:$M$30=M8)*($N$3:$N$30=N8)*($O$3:$O$30=O8)*($P$3:$P$30=P8)*($Q$3:$Q$30=Q8)*($R$3:$R$30=R8)*($S$3:$S$30=S8)*($T$3:$T$30=T8)*($U$3:$U$30=U8)*($V$3:$V$30=V8)*($W$3:$W$30>W8)),"") -> 0 | AV8: =IF(B8<>"",SUMPRODUCT(($E$3:$E$30=E8)*($F$3:$F$30=F8)*($G$3:$G$30=G8)*($H$3:$H$30=H8)*($I$3:$I$30=I8)*($J$3:$J$30=J8)*($K$3:$K$30=K8)*($L$3:$L$30=L8)*($M$3:$M$30=M8)*($N$3:$N$30=N8)*($O$3:$O$30=O8)*($P$3:$P$30=P8)*($Q$3:$Q$30=Q8)*($R$3:$R$30=R8)*($S$3:$S$30=S8)*($T$3:$T$30=T8)*($U$3:$U$30=U8)*($V$3:$V$30=V8)*($W$3:$W$30=W8)*($X$3:$X$30>X8)),"") -> 0 | AW8: =IF(B8<>"",SUMPRODUCT(($E$3:$E$30=E8)*($F$3:$F$30=F8)*($G$3:$G$30=G8)*($H$3:$H$30=H8)*($I$3:$I$30=I8)*($J$3:$J$30=J8)*($K$3:$K$30=K8)*($L$3:$L$30=L8)*($M$3:$M$30=M8)*($N$3:$N$30=N8)*($O$3:$O$30=O8)*($P$3:$P$30=P8)*($Q$3:$Q$30=Q8)*($R$3:$R$30=R8)*($S$3:$S$30=S8)*($T$3:$T$30=T8)*($U$3:$U$30=U8)*($V$3:$V$30=V8)*($W$3:$W$30=W8)*($X$3:$X$30=X8)*($Y$3:$Y$30>Y8)),"") -> 0 | AX8: =IF(B8<>"",SUMPRODUCT(($E$3:$E$30=E8)*($F$3:$F$30=F8)*($G$3:$G$30=G8)*($H$3:$H$30=H8)*($I$3:$I$30=I8)*($J$3:$J$30=J8)*($K$3:$K$30=K8)*($L$3:$L$30=L8)*($M$3:$M$30=M8)*($N$3:$N$30=N8)*($O$3:$O$30=O8)*($P$3:$P$30=P8)*($Q$3:$Q$30=Q8)*($R$3:$R$30=R8)*($S$3:$S$30=S8)*($T$3:$T$30=T8)*($U$3:$U$30=U8)*($V$3:$V$30=V8)*($W$3:$W$30=W8)*($X$3:$X$30=X8)*($Y$3:$Y$30=Y8)*($Z$3:$Z$30>Z8)),"") -> 0 | AY8: =IF(B8<>"",SUMPRODUCT(($E$3:$E$30=E8)*($F$3:$F$30=F8)*($G$3:$G$30=G8)*($H$3:$H$30=H8)*($I$3:$I$30=I8)*($J$3:$J$30=J8)*($K$3:$K$30=K8)*($L$3:$L$30=L8)*($M$3:$M$30=M8)*($N$3:$N$30=N8)*($O$3:$O$30=O8)*($P$3:$P$30=P8)*($Q$3:$Q$30=Q8)*($R$3:$R$30=R8)*($S$3:$S$30=S8)*($T$3:$T$30=T8)*($U$3:$U$30=U8)*($V$3:$V$30=V8)*($W$3:$W$30=W8)*($X$3:$X$30=X8)*($Y$3:$Y$30=Y8)*($Z$3:$Z$30=Z8)*($AA$3:$AA$30>AA8)),"") -> 0 | AZ8: =IF(B8<>"",SUMPRODUCT(($E$3:$E$30=E8)*($F$3:$F$30=F8)*($G$3:$G$30=G8)*($H$3:$H$30=H8)*($I$3:$I$30=I8)*($J$3:$J$30=J8)*($K$3:$K$30=K8)*($L$3:$L$30=L8)*($M$3:$M$30=M8)*($N$3:$N$30=N8)*($O$3:$O$30=O8)*($P$3:$P$30=P8)*($Q$3:$Q$30=Q8)*($R$3:$R$30=R8)*($S$3:$S$30=S8)*($T$3:$T$30=T8)*($U$3:$U$30=U8)*($V$3:$V$30=V8)*($W$3:$W$30=W8)*($X$3:$X$30=X8)*($Y$3:$Y$30=Y8)*($Z$3:$Z$30=Z8)*($AA$3:$AA$30=AA8)*($AB$3:$AB$30>AB8)),"") -> 0 | BA8: =IF(B8<>"",SUMPRODUCT(($E$3:$E$30=E8)*($F$3:$F$30=F8)*($G$3:$G$30=G8)*($H$3:$H$30=H8)*($I$3:$I$30=I8)*($J$3:$J$30=J8)*($K$3:$K$30=K8)*($L$3:$L$30=L8)*($M$3:$M$30=M8)*($N$3:$N$30=N8)*($O$3:$O$30=O8)*($P$3:$P$30=P8)*($Q$3:$Q$30=Q8)*($R$3:$R$30=R8)*($S$3:$S$30=S8)*($T$3:$T$30=T8)*($U$3:$U$30=U8)*($V$3:$V$30=V8)*($W$3:$W$30=W8)*($X$3:$X$30=X8)*($Y$3:$Y$30=Y8)*($Z$3:$Z$30=Z8)*($AA$3:$AA$30=AA8)*($AB$3:$AB$30=AB8)*($AC$3:$AC$30>AC8)),"") -> 0 | BB8: =IF(B8<>"",SUMPRODUCT(($E$3:$E$30=E8)*($F$3:$F$30=F8)*($G$3:$G$30=G8)*($H$3:$H$30=H8)*($I$3:$I$30=I8)*($J$3:$J$30=J8)*($K$3:$K$30=K8)*($L$3:$L$30=L8)*($M$3:$M$30=M8)*($N$3:$N$30=N8)*($O$3:$O$30=O8)*($P$3:$P$30=P8)*($Q$3:$Q$30=Q8)*($R$3:$R$30=R8)*($S$3:$S$30=S8)*($T$3:$T$30=T8)*($U$3:$U$30=U8)*($V$3:$V$30=V8)*($W$3:$W$30=W8)*($X$3:$X$30=X8)*($Y$3:$Y$30=Y8)*($Z$3:$Z$30=Z8)*($AA$3:$AA$30=AA8)*($AB$3:$AB$30=AB8)*($AC$3:$AC$30=AC8)*($BC$3:$BC$30<BC8)),"") -> 0 | BC8: =IF(B8<>"",'Equipes e Pilotos'!B8,"") -> 6
A9: =IF(B9<>"",RANK(E9,E$3:E$30)+SUM(AD9:BB9),"") -> 5 | B9: =IF('Equipes e Pilotos'!C9<>"",'Equipes e Pilotos'!C9,"") -> Charles Leclerc | C9: =IF(B9<>"",VLOOKUP(B9,'Equipes e Pilotos'!$C$3:$F$30,3,FALSE),"") -> Mônaco | D9: =IF(B9<>"",VLOOKUP(B9,'Equipes e Pilotos'!$C$3:$F$30,4,FALSE),"") -> Ferrari | E9: =IF(B9<>"",SUMIF(Resultados!C:C,B9,Resultados!F:F),"") -> 215 | F9: =IF(B9<>"",SUMPRODUCT((Resultados!$B$1:$B$602=1)*(Resultados!$C$1:$C$602=B9)*1),"") -> 1 | G9: =IF(B9<>"",SUMPRODUCT((Resultados!$B$1:$B$602=2)*(Resultados!$C$1:$C$602=B9)*1),"") -> 3 | H9: =IF(B9<>"",SUMPRODUCT((Resultados!$B$1:$B$602=3)*(Resultados!$C$1:$C$602=B9)*1),"") -> 3 | I9: =IF(B9<>"",SUMPRODUCT((Resultados!$B$1:$B$602=4)*(Resultados!$C$1:$C$602=B9)*1),"") -> 6 | J9: =IF(B9<>"",SUMPRODUCT((Resultados!$B$1:$B$602=5)*(Resultados!$C$1:$C$602=B9)*1),"") -> 3 | K9: =IF(B9<>"",SUMPRODUCT((Resultados!$B$1:$B$602=6)*(Resultados!$C$1:$C$602=B9)*1),"") -> 0 | L9: =IF(B9<>"",SUMPRODUCT((Resultados!$B$1:$B$602=7)*(Resultados!$C$1:$C$602=B9)*1),"") -> 0 | M9: =IF(B9<>"",SUMPRODUCT((Resultados!$B$1:$B$602=8)*(Resultados!$C$1:$C$602=B9)*1),"") -> 2 | N9: =IF(B9<>"",SUMPRODUCT((Resultados!$B$1:$B$602=9)*(Resultados!$C$1:$C$602=B9)*1),"") -> 0 | O9: =IF(B9<>"",SUMPRODUCT((Resultados!$B$1:$B$602=10)*(Resultados!$C$1:$C$602=B9)*1),"") -> 0 | P9: =IF(B9<>"",SUMPRODUCT((Resultados!$B$1:$B$602=11)*(Resultados!$C$1:$C$602=B9)*1),"") -> 0 | Q9: =IF(B9<>"",SUMPRODUCT((Resultados!$B$1:$B$602=12)*(Resultados!$C$1:$C$602=B9)*1),"") -> 0 | R9: =IF(B9<>"",SUMPRODUCT((Resultados!$B$1:$B$602=13)*(Resultados!$C$1:$C$602=B9)*1),"") -> 0 | S9: =IF(B9<>"",SUMPRODUCT((Resultados!$B$1:$B$602=14)*(Resultados!$C$1:$C$602=B9)*1),"") -> 0 | T9: =IF(B9<>"",SUMPRODUCT((Resultados!$B$1:$B$602=15)*(Resultados!$C$1:$C$602=B9)*1),"") -> 1 | U9: =IF(B9<>"",SUMPRODUCT((Resultados!$B$1:$B$602=16)*(Resultados!$C$1:$C$602=B9)*1),"") -> 0 | V9: =IF(B9<>"",SUMPRODUCT((Resultados!$B$1:$B$602=17)*(Resultados!$C$1:$C$602=B9)*1),"") -> 1 | W9: =IF(B9<>"",SUMPRODUCT((Resultados!$B$1:$B$602=18)*(Resultados!$C$1:$C$602=B9)*1),"") -> 0 | X9: =IF(B9<>"",SUMPRODUCT((Resultados!$B$1:$B$602=19)*(Resultados!$C$1:$C$602=B9)*1),"") -> 0 | Y9: =IF(B9<>"",SUMPRODUCT((Resultados!$B$1:$B$602=20)*(Resultados!$C$1:$C$602=B9)*1),"") -> 0 | Z9: =IF(B9<>"",SUMPRODUCT((Resultados!$B$1:$B$602=21)*(Resultados!$C$1:$C$602=B9)*1),"") -> 0 | AA9: =IF(B9<>"",SUMPRODUCT((Resultados!$B$1:$B$602=22)*(Resultados!$C$1:$C$602=B9)*1),"") -> 1 | AB9: =IF(B9<>"",SUMPRODUCT((Resultados!$B$1:$B$602=23)*(Resultados!$C$1:$C$602=B9)*1),"") -> 0 | AC9: =IF(B9<>"",SUMPRODUCT((Resultados!$B$1:$B$602=24)*(Resultados!$C$1:$C$602=B9)*1),"") -> 0 | AD9: =IF(B9<>"",SUMPRODUCT(($E$3:$E$30=E9)*($F$3:$F$30>F9)),"") -> 0 | AE9: =IF(B9<>"",SUMPRODUCT(($E$3:$E$30=E9)*($F$3:$F$30=F9)*($G$3:$G$30>G9)),"") -> 0 | AF9: =IF(B9<>"",SUMPRODUCT(($E$3:$E$30=E9)*($F$3:$F$30=F9)*($G$3:$G$30=G9)*($H$3:$H$30>H9)),"") -> 0 | AG9: =IF(B9<>"",SUMPRODUCT(($E$3:$E$30=E9)*($F$3:$F$30=F9)*($G$3:$G$30=G9)*($H$3:$H$30=H9)*($I$3:$I$30>I9)),"") -> 0 | AH9: =IF(B9<>"",SUMPRODUCT(($E$3:$E$30=E9)*($F$3:$F$30=F9)*($G$3:$G$30=G9)*($H$3:$H$30=H9)*($I$3:$I$30=I9)*($J$3:$J$30>J9)),"") -> 0 | AI9: =IF(B9<>"",SUMPRODUCT(($E$3:$E$30=E9)*($F$3:$F$30=F9)*($G$3:$G$30=G9)*($H$3:$H$30=H9)*($I$3:$I$30=I9)*($J$3:$J$30=J9)*($K$3:$K$30>K9)),"") -> 0 | AJ9: =IF(B9<>"",SUMPRODUCT(($E$3:$E$30=E9)*($F$3:$F$30=F9)*($G$3:$G$30=G9)*($H$3:$H$30=H9)*($I$3:$I$30=I9)*($J$3:$J$30=J9)*($K$3:$K$30=K9)*($L$3:$L$30>L9)),"") -> 0 | AK9: =IF(B9<>"",SUMPRODUCT(($E$3:$E$30=E9)*($F$3:$F$30=F9)*($G$3:$G$30=G9)*($H$3:$H$30=H9)*($I$3:$I$30=I9)*($J$3:$J$30=J9)*($K$3:$K$30=K9)*($L$3:$L$30=L9)*($M$3:$M$30>M9)),"") -> 0 | AL9: =IF(B9<>"",SUMPRODUCT(($E$3:$E$30=E9)*($F$3:$F$30=F9)*($G$3:$G$30=G9)*($H$3:$H$30=H9)*($I$3:$I$30=I9)*($J$3:$J$30=J9)*($K$3:$K$30=K9)*($L$3:$L$30=L9)*($M$3:$M$30=M9)*($N$3:$N$30>N9)),"") -> 0 | AM9: =IF(B9<>"",SUMPRODUCT(($E$3:$E$30=E9)*($F$3:$F$30=F9)*($G$3:$G$30=G9)*($H$3:$H$30=H9)*($I$3:$I$30=I9)*($J$3:$J$30=J9)*($K$3:$K$30=K9)*($L$3:$L$30=L9)*($M$3:$M$30=M9)*($N$3:$N$30=N9)*($O$3:$O$30>O9)),"") -> 0 | AN9: =IF(B9<>"",SUMPRODUCT(($E$3:$E$30=E9)*($F$3:$F$30=F9)*($G$3:$G$30=G9)*($H$3:$H$30=H9)*($I$3:$I$30=I9)*($J$3:$J$30=J9)*($K$3:$K$30=K9)*($L$3:$L$30=L9)*($M$3:$M$30=M9)*($N$3:$N$30=N9)*($O$3:$O$30=O9)*($P$3:$P$30>P9)),"") -> 0 | AO9: =IF(B9<>"",SUMPRODUCT(($E$3:$E$30=E9)*($F$3:$F$30=F9)*($G$3:$G$30=G9)*($H$3:$H$30=H9)*($I$3:$I$30=I9)*($J$3:$J$30=J9)*($K$3:$K$30=K9)*($L$3:$L$30=L9)*($M$3:$M$30=M9)*($N$3:$N$30=N9)*($O$3:$O$30=O9)*($P$3:$P$30=P9)*($Q$3:$Q$30>Q9)),"") -> 0 | AP9: =IF(B9<>"",SUMPRODUCT(($E$3:$E$30=E9)*($F$3:$F$30=F9)*($G$3:$G$30=G9)*($H$3:$H$30=H9)*($I$3:$I$30=I9)*($J$3:$J$30=J9)*($K$3:$K$30=K9)*($L$3:$L$30=L9)*($M$3:$M$30=M9)*($N$3:$N$30=N9)*($O$3:$O$30=O9)*($P$3:$P$30=P9)*($Q$3:$Q$30=Q9)*($R$3:$R$30>R9)),"") -> 0 | AQ9: =IF(B9<>"",SUMPRODUCT(($E$3:$E$30=E9)*($F$3:$F$30=F9)*($G$3:$G$30=G9)*($H$3:$H$30=H9)*($I$3:$I$30=I9)*($J$3:$J$30=J9)*($K$3:$K$30=K9)*($L$3:$L$30=L9)*($M$3:$M$30=M9)*($N$3:$N$30=N9)*($O$3:$O$30=O9)*($P$3:$P$30=P9)*($Q$3:$Q$30=Q9)*($R$3:$R$30=R9)*($S$3:$S$30>S9)),"") -> 0 | AR9: =IF(B9<>"",SUMPRODUCT(($E$3:$E$30=E9)*($F$3:$F$30=F9)*($G$3:$G$30=G9)*($H$3:$H$30=H9)*($I$3:$I$30=I9)*($J$3:$J$30=J9)*($K$3:$K$30=K9)*($L$3:$L$30=L9)*($M$3:$M$30=M9)*($N$3:$N$30=N9)*($O$3:$O$30=O9)*($P$3:$P$30=P9)*($Q$3:$Q$30=Q9)*($R$3:$R$30=R9)*($S$3:$S$30=S9)*($T$3:$T$30>T9)),"") -> 0 | AS9: =IF(B9<>"",SUMPRODUCT(($E$3:$E$30=E9)*($F$3:$F$30=F9)*($G$3:$G$30=G9)*($H$3:$H$30=H9)*($I$3:$I$30=I9)*($J$3:$J$30=J9)*($K$3:$K$30=K9)*($L$3:$L$30=L9)*($M$3:$M$30=M9)*($N$3:$N$30=N9)*($O$3:$O$30=O9)*($P$3:$P$30=P9)*($Q$3:$Q$30=Q9)*($R$3:$R$30=R9)*($S$3:$S$30=S9)*($T$3:$T$30=T9)*($U$3:$U$30>U9)),"") -> 0 | AT9: =IF(B9<>"",SUMPRODUCT(($E$3:$E$30=E9)*($F$3:$F$30=F9)*($G$3:$G$30=G9)*($H$3:$H$30=H9)*($I$3:$I$30=I9)*($J$3:$J$30=J9)*($K$3:$K$30=K9)*($L$3:$L$30=L9)*($M$3:$M$30=M9)*($N$3:$N$30=N9)*($O$3:$O$30=O9)*($P$3:$P$30=P9)*($Q$3:$Q$30=Q9)*($R$3:$R$30=R9)*($S$3:$S$30=S9)*($T$3:$T$30=T9)*($U$3:$U$30=U9)*($V$3:$V$30>V9)),"") -> 0 | AU9: =IF(B9<>"",SUMPRODUCT(($E$3:$E$30=E9)*($F$3:$F$30=F9)*($G$3:$G$30=G9)*($H$3:$H$30=H9)*($I$3:$I$30=I9)*($J$3:$J$30=J9)*($K$3:$K$30=K9)*($L$3:$L$30=L9)*($M$3:$M$30=M9)*($N$3:$N$30=N9)*($O$3:$O$30=O9)*($P$3:$P$30=P9)*($Q$3:$Q$30=Q9)*($R$3:$R$30=R9)*($S$3:$S$30=S9)*($T$3:$T$30=T9)*($U$3:$U$30=U9)*($V$3:$V$30=V9)*($W$3:$W$30>W9)),"") -> 0 | AV9: =IF(B9<>"",SUMPRODUCT(($E$3:$E$30=E9)*($F$3:$F$30=F9)*($G$3:$G$30=G9)*($H$3:$H$30=H9)*($I$3:$I$30=I9)*($J$3:$J$30=J9)*($K$3:$K$30=K9)*($L$3:$L$30=L9)*($M$3:$M$30=M9)*($N$3:$N$30=N9)*($O$3:$O$30=O9)*($P$3:$P$30=P9)*($Q$3:$Q$30=Q9)*($R$3:$R$30=R9)*($S$3:$S$30=S9)*($T$3:$T$30=T9)*($U$3:$U$30=U9)*($V$3:$V$30=V9)*($W$3:$W$30=W9)*($X$3:$X$30>X9)),"") -> 0 | AW9: =IF(B9<>"",SUMPRODUCT(($E$3:$E$30=E9)*($F$3:$F$30=F9)*($G$3:$G$30=G9)*($H$3:$H$30=H9)*($I$3:$I$30=I9)*($J$3:$J$30=J9)*($K$3:$K$30=K9)*($L$3:$L$30=L9)*($M$3:$M$30=M9)*($N$3:$N$30=N9)*($O$3:$O$30=O9)*($P$3:$P$30=P9)*($Q$3:$Q$30=Q9)*($R$3:$R$30=R9)*($S$3:$S$30=S9)*($T$3:$T$30=T9)*($U$3:$U$30=U9)*($V$3:$V$30=V9)*($W$3:$W$30=W9)*($X$3:$X$30=X9)*($Y$3:$Y$30>Y9)),"") -> 0 | AX9: =IF(B9<>"",SUMPRODUCT(($E$3:$E$30=E9)*($F$3:$F$30=F9)*($G$3:$G$30=G9)*($H$3:$H$30=H9)*($I$3:$I$30=I9)*($J$3:$J$30=J9)*($K$3:$K$30=K9)*($L$3:$L$30=L9)*($M$3:$M$30=M9)*($N$3:$N$30=N9)*($O$3:$O$30=O9)*($P$3:$P$30=P9)*($Q$3:$Q$30=Q9)*($R$3:$R$30=R9)*($S$3:$S$30=S9)*($T$3:$T$30=T9)*($U$3:$U$30=U9)*($V$3:$V$30=V9)*($W$3:$W$30=W9)*($X$3:$X$30=X9)*($Y$3:$Y$30=Y9)*($Z$3:$Z$30>Z9)),"") -> 0 | AY9: =IF(B9<>"",SUMPRODUCT(($E$3:$E$30=E9)*($F$3:$F$30=F9)*($G$3:$G$30=G9)*($H$3:$H$30=H9)*($I$3:$I$30=I9)*($J$3:$J$30=J9)*($K$3:$K$30=K9)*($L$3:$L$30=L9)*($M$3:$M$30=M9)*($N$3:$N$30=N9)*($O$3:$O$30=O9)*($P$3:$P$30=P9)*($Q$3:$Q$30=Q9)*($R$3:$R$30=R9)*($S$3:$S$30=S9)*($T$3:$T$30=T9)*($U$3:$U$30=U9)*($V$3:$V$30=V9)*($W$3:$W$30=W9)*($X$3:$X$30=X9)*($Y$3:$Y$30=Y9)*($Z$3:$Z$30=Z9)*($AA$3:$AA$30>AA9)),"") -> 0 | AZ9: =IF(B9<>"",SUMPRODUCT(($E$3:$E$30=E9)*($F$3:$F$30=F9)*($G$3:$G$30=G9)*($H$3:$H$30=H9)*($I$3:$I$30=I9)*($J$3:$J$30=J9)*($K$3:$K$30=K9)*($L$3:$L$30=L9)*($M$3:$M$30=M9)*($N$3:$N$30=N9)*($O$3:$O$30=O9)*($P$3:$P$30=P9)*($Q$3:$Q$30=Q9)*($R$3:$R$30=R9)*($S$3:$S$30=S9)*($T$3:$T$30=T9)*($U$3:$U$30=U9)*($V$3:$V$30=V9)*($W$3:$W$30=W9)*($X$3:$X$30=X9)*($Y$3:$Y$30=Y9)*($Z$3:$Z$30=Z9)*($AA$3:$AA$30=AA9)*($AB$3:$AB$30>AB9)),"") -> 0 | BA9: =IF(B9<>"",SUMPRODUCT(($E$3:$E$30=E9)*($F$3:$F$30=F9)*($G$3:$G$30=G9)*($H$3:$H$30=H9)*($I$3:$I$30=I9)*($J$3:$J$30=J9)*($K$3:$K$30=K9)*($L$3:$L$30=L9)*($M$3:$M$30=M9)*($N$3:$N$30=N9)*($O$3:$O$30=O9)*($P$3:$P$30=P9)*($Q$3:$Q$30=Q9)*($R$3:$R$30=R9)*($S$3:$S$30=S9)*($T$3:$T$30=T9)*($U$3:$U$30=U9)*($V$3:$V$30=V9)*($W$3:$W$30=W9)*($X$3:$X$30=X9)*($Y$3:$Y$30=Y9)*($Z$3:$Z$30=Z9)*($AA$3:$AA$30=AA9)*($AB$3:$AB$30=AB9)*($AC$3:$AC$30>AC9)),"") -> 0 | BB9: =IF(B9<>"",SUMPRODUCT(($E$3:$E$30=E9)*($F$3:$F$30=F9)*($G$3:$G$30=G9)*($H$3:$H$30=H9)*($I$3:$I$30=I9)*($J$3:$J$30=J9)*($K$3:$K$30=K9)*($L$3:$L$30=L9)*($M$3:$M$30=M9)*($N$3:$N$30=N9)*($O$3:$O$30=O9)*($P$3:$P$30=P9)*($Q$3:$Q$30=Q9)*($R$3:$R$30=R9)*($S$3:$S$30=S9)*($T$3:$T$30=T9)*($U$3:$U$30=U9)*($V$3:$V$30=V9)*($W$3:$W$30=W9)*($X$3:$X$30=X9)*($Y$3:$Y$30=Y9)*($Z$3:$Z$30=Z9)*($AA$3:$AA$30=AA9)*($AB$3:$AB$30=AB9)*($AC$3:$AC$30=AC9)*($BC$3:$BC$30<BC9)),"") -> 0 | BC9: =IF(B9<>"",'Equipes e Pilotos'!B9,"") -> 7
A10: =IF(B10<>"",RANK(E10,E$3:E$30)+SUM(AD10:BB10),"") -> 3 | B10: =IF('Equipes e Pilotos'!C10<>"",'Equipes e Pilotos'!C10,"") -> Lewis Hamilton | C10: =IF(B10<>"",VLOOKUP(B10,'Equipes e Pilotos'!$C$3:$F$30,3,FALSE),"") -> Inglaterra | D10: =IF(B10<>"",VLOOKUP(B10,'Equipes e Pilotos'!$C$3:$F$30,4,FALSE),"") -> Ferrari | E10: =IF(B10<>"",SUMIF(Resultados!C:C,B10,Resultados!F:F),"") -> 229 | F10: =IF(B10<>"",SUMPRODUCT((Resultados!$B$1:$B$602=1)*(Resultados!$C$1:$C$602=B10)*1),"") -> 1 | G10: =IF(B10<>"",SUMPRODUCT((Resultados!$B$1:$B$602=2)*(Resultados!$C$1:$C$602=B10)*1),"") -> 3 | H10: =IF(B10<>"",SUMPRODUCT((Resultados!$B$1:$B$602=3)*(Resultados!$C$1:$C$602=B10)*1),"") -> 4 | I10: =IF(B10<>"",SUMPRODUCT((Resultados!$B$1:$B$602=4)*(Resultados!$C$1:$C$602=B10)*1),"") -> 3 | J10: =IF(B10<>"",SUMPRODUCT((Resultados!$B$1:$B$602=5)*(Resultados!$C$1:$C$602=B10)*1),"") -> 2 | K10: =IF(B10<>"",SUMPRODUCT((Resultados!$B$1:$B$602=6)*(Resultados!$C$1:$C$602=B10)*1),"") -> 5 | L10: =IF(B10<>"",SUMPRODUCT((Resultados!$B$1:$B$602=7)*(Resultados!$C$1:$C$602=B10)*1),"") -> 2 | M10: =IF(B10<>"",SUMPRODUCT((Resultados!$B$1:$B$602=8)*(Resultados!$C$1:$C$602=B10)*1),"") -> 0 | N10: =IF(B10<>"",SUMPRODUCT((Resultados!$B$1:$B$602=9)*(Resultados!$C$1:$C$602=B10)*1),"") -> 0 | O10: =IF(B10<>"",SUMPRODUCT((Resultados!$B$1:$B$602=10)*(Resultados!$C$1:$C$602=B10)*1),"") -> 0 | P10: =IF(B10<>"",SUMPRODUCT((Resultados!$B$1:$B$602=11)*(Resultados!$C$1:$C$602=B10)*1),"") -> 0 | Q10: =IF(B10<>"",SUMPRODUCT((Resultados!$B$1:$B$602=12)*(Resultados!$C$1:$C$602=B10)*1),"") -> 0 | R10: =IF(B10<>"",SUMPRODUCT((Resultados!$B$1:$B$602=13)*(Resultados!$C$1:$C$602=B10)*1),"") -> 0 | S10: =IF(B10<>"",SUMPRODUCT((Resultados!$B$1:$B$602=14)*(Resultados!$C$1:$C$602=B10)*1),"") -> 0 | T10: =IF(B10<>"",SUMPRODUCT((Resultados!$B$1:$B$602=15)*(Resultados!$C$1:$C$602=B10)*1),"") -> 0 | U10: =IF(B10<>"",SUMPRODUCT((Resultados!$B$1:$B$602=16)*(Resultados!$C$1:$C$602=B10)*1),"") -> 0 | V10: =IF(B10<>"",SUMPRODUCT((Resultados!$B$1:$B$602=17)*(Resultados!$C$1:$C$602=B10)*1),"") -> 0 | W10: =IF(B10<>"",SUMPRODUCT((Resultados!$B$1:$B$602=18)*(Resultados!$C$1:$C$602=B10)*1),"") -> 0 | X10: =IF(B10<>"",SUMPRODUCT((Resultados!$B$1:$B$602=19)*(Resultados!$C$1:$C$602=B10)*1),"") -> 0 | Y10: =IF(B10<>"",SUMPRODUCT((Resultados!$B$1:$B$602=20)*(Resultados!$C$1:$C$602=B10)*1),"") -> 0 | Z10: =IF(B10<>"",SUMPRODUCT((Resultados!$B$1:$B$602=21)*(Resultados!$C$1:$C$602=B10)*1),"") -> 0 | AA10: =IF(B10<>"",SUMPRODUCT((Resultados!$B$1:$B$602=22)*(Resultados!$C$1:$C$602=B10)*1),"") -> 1 | AB10: =IF(B10<>"",SUMPRODUCT((Resultados!$B$1:$B$602=23)*(Resultados!$C$1:$C$602=B10)*1),"") -> 0 | AC10: =IF(B10<>"",SUMPRODUCT((Resultados!$B$1:$B$602=24)*(Resultados!$C$1:$C$602=B10)*1),"") -> 0 | AD10: =IF(B10<>"",SUMPRODUCT(($E$3:$E$30=E10)*($F$3:$F$30>F10)),"") -> 0 | AE10: =IF(B10<>"",SUMPRODUCT(($E$3:$E$30=E10)*($F$3:$F$30=F10)*($G$3:$G$30>G10)),"") -> 0 | AF10: =IF(B10<>"",SUMPRODUCT(($E$3:$E$30=E10)*($F$3:$F$30=F10)*($G$3:$G$30=G10)*($H$3:$H$30>H10)),"") -> 0 | AG10: =IF(B10<>"",SUMPRODUCT(($E$3:$E$30=E10)*($F$3:$F$30=F10)*($G$3:$G$30=G10)*($H$3:$H$30=H10)*($I$3:$I$30>I10)),"") -> 0 | AH10: =IF(B10<>"",SUMPRODUCT(($E$3:$E$30=E10)*($F$3:$F$30=F10)*($G$3:$G$30=G10)*($H$3:$H$30=H10)*($I$3:$I$30=I10)*($J$3:$J$30>J10)),"") -> 0 | AI10: =IF(B10<>"",SUMPRODUCT(($E$3:$E$30=E10)*($F$3:$F$30=F10)*($G$3:$G$30=G10)*($H$3:$H$30=H10)*($I$3:$I$30=I10)*($J$3:$J$30=J10)*($K$3:$K$30>K10)),"") -> 0 | AJ10: =IF(B10<>"",SUMPRODUCT(($E$3:$E$30=E10)*($F$3:$F$30=F10)*($G$3:$G$30=G10)*($H$3:$H$30=H10)*($I$3:$I$30=I10)*($J$3:$J$30=J10)*($K$3:$K$30=K10)*($L$3:$L$30>L10)),"") -> 0 | AK10: =IF(B10<>"",SUMPRODUCT(($E$3:$E$30=E10)*($F$3:$F$30=F10)*($G$3:$G$30=G10)*($H$3:$H$30=H10)*($I$3:$I$30=I10)*($J$3:$J$30=J10)*($K$3:$K$30=K10)*($L$3:$L$30=L10)*($M$3:$M$30>M10)),"") -> 0 | AL10: =IF(B10<>"",SUMPRODUCT(($E$3:$E$30=E10)*($F$3:$F$30=F10)*($G$3:$G$30=G10)*($H$3:$H$30=H10)*($I$3:$I$30=I10)*($J$3:$J$30=J10)*($K$3:$K$30=K10)*($L$3:$L$30=L10)*($M$3:$M$30=M10)*($N$3:$N$30>N10)),"") -> 0 | AM10: =IF(B10<>"",SUMPRODUCT(($E$3:$E$30=E10)*($F$3:$F$30=F10)*($G$3:$G$30=G10)*($H$3:$H$30=H10)*($I$3:$I$30=I10)*($J$3:$J$30=J10)*($K$3:$K$30=K10)*($L$3:$L$30=L10)*($M$3:$M$30=M10)*($N$3:$N$30=N10)*($O$3:$O$30>O10)),"") -> 0 | AN10: =IF(B10<>"",SUMPRODUCT(($E$3:$E$30=E10)*($F$3:$F$30=F10)*($G$3:$G$30=G10)*($H$3:$H$30=H10)*($I$3:$I$30=I10)*($J$3:$J$30=J10)*($K$3:$K$30=K10)*($L$3:$L$30=L10)*($M$3:$M$30=M10)*($N$3:$N$30=N10)*($O$3:$O$30=O10)*($P$3:$P$30>P10)),"") -> 0 | AO10: =IF(B10<>"",SUMPRODUCT(($E$3:$E$30=E10)*($F$3:$F$30=F10)*($G$3:$G$30=G10)*($H$3:$H$30=H10)*($I$3:$I$30=I10)*($J$3:$J$30=J10)*($K$3:$K$30=K10)*($L$3:$L$30=L10)*($M$3:$M$30=M10)*($N$3:$N$30=N10)*($O$3:$O$30=O10)*($P$3:$P$30=P10)*($Q$3:$Q$30>Q10)),"") -> 0 | AP10: =IF(B10<>"",SUMPRODUCT(($E$3:$E$30=E10)*($F$3:$F$30=F10)*($G$3:$G$30=G10)*($H$3:$H$30=H10)*($I$3:$I$30=I10)*($J$3:$J$30=J10)*($K$3:$K$30=K10)*($L$3:$L$30=L10)*($M$3:$M$30=M10)*($N$3:$N$30=N10)*($O$3:$O$30=O10)*($P$3:$P$30=P10)*($Q$3:$Q$30=Q10)*($R$3:$R$30>R10)),"") -> 0 | AQ10: =IF(B10<>"",SUMPRODUCT(($E$3:$E$30=E10)*($F$3:$F$30=F10)*($G$3:$G$30=G10)*($H$3:$H$30=H10)*($I$3:$I$30=I10)*($J$3:$J$30=J10)*($K$3:$K$30=K10)*($L$3:$L$30=L10)*($M$3:$M$30=M10)*($N$3:$N$30=N10)*($O$3:$O$30=O10)*($P$3:$P$30=P10)*($Q$3:$Q$30=Q10)*($R$3:$R$30=R10)*($S$3:$S$30>S10)),"") -> 0 | AR10: =IF(B10<>"",SUMPRODUCT(($E$3:$E$30=E10)*($F$3:$F$30=F10)*($G$3:$G$30=G10)*($H$3:$H$30=H10)*($I$3:$I$30=I10)*($J$3:$J$30=J10)*($K$3:$K$30=K10)*($L$3:$L$30=L10)*($M$3:$M$30=M10)*($N$3:$N$30=N10)*($O$3:$O$30=O10)*($P$3:$P$30=P10)*($Q$3:$Q$30=Q10)*($R$3:$R$30=R10)*($S$3:$S$30=S10)*($T$3:$T$30>T10)),"") -> 0 | AS10: =IF(B10<>"",SUMPRODUCT(($E$3:$E$30=E10)*($F$3:$F$30=F10)*($G$3:$G$30=G10)*($H$3:$H$30=H10)*($I$3:$I$30=I10)*($J$3:$J$30=J10)*($K$3:$K$30=K10)*($L$3:$L$30=L10)*($M$3:$M$30=M10)*($N$3:$N$30=N10)*($O$3:$O$30=O10)*($P$3:$P$30=P10)*($Q$3:$Q$30=Q10)*($R$3:$R$30=R10)*($S$3:$S$30=S10)*($T$3:$T$30=T10)*($U$3:$U$30>U10)),"") -> 0 | AT10: =IF(B10<>"",SUMPRODUCT(($E$3:$E$30=E10)*($F$3:$F$30=F10)*($G$3:$G$30=G10)*($H$3:$H$30=H10)*($I$3:$I$30=I10)*($J$3:$J$30=J10)*($K$3:$K$30=K10)*($L$3:$L$30=L10)*($M$3:$M$30=M10)*($N$3:$N$30=N10)*($O$3:$O$30=O10)*($P$3:$P$30=P10)*($Q$3:$Q$30=Q10)*($R$3:$R$30=R10)*($S$3:$S$30=S10)*($T$3:$T$30=T10)*($U$3:$U$30=U10)*($V$3:$V$30>V10)),"") -> 0 | AU10: =IF(B10<>"",SUMPRODUCT(($E$3:$E$30=E10)*($F$3:$F$30=F10)*($G$3:$G$30=G10)*($H$3:$H$30=H10)*($I$3:$I$30=I10)*($J$3:$J$30=J10)*($K$3:$K$30=K10)*($L$3:$L$30=L10)*($M$3:$M$30=M10)*($N$3:$N$30=N10)*($O$3:$O$30=O10)*($P$3:$P$30=P10)*($Q$3:$Q$30=Q10)*($R$3:$R$30=R10)*($S$3:$S$30=S10)*($T$3:$T$30=T10)*($U$3:$U$30=U10)*($V$3:$V$30=V10)*($W$3:$W$30>W10)),"") -> 0 | AV10: =IF(B10<>"",SUMPRODUCT(($E$3:$E$30=E10)*($F$3:$F$30=F10)*($G$3:$G$30=G10)*($H$3:$H$30=H10)*($I$3:$I$30=I10)*($J$3:$J$30=J10)*($K$3:$K$30=K10)*($L$3:$L$30=L10)*($M$3:$M$30=M10)*($N$3:$N$30=N10)*($O$3:$O$30=O10)*($P$3:$P$30=P10)*($Q$3:$Q$30=Q10)*($R$3:$R$30=R10)*($S$3:$S$30=S10)*($T$3:$T$30=T10)*($U$3:$U$30=U10)*($V$3:$V$30=V10)*($W$3:$W$30=W10)*($X$3:$X$30>X10)),"") -> 0 | AW10: =IF(B10<>"",SUMPRODUCT(($E$3:$E$30=E10)*($F$3:$F$30=F10)*($G$3:$G$30=G10)*($H$3:$H$30=H10)*($I$3:$I$30=I10)*($J$3:$J$30=J10)*($K$3:$K$30=K10)*($L$3:$L$30=L10)*($M$3:$M$30=M10)*($N$3:$N$30=N10)*($O$3:$O$30=O10)*($P$3:$P$30=P10)*($Q$3:$Q$30=Q10)*($R$3:$R$30=R10)*($S$3:$S$30=S10)*($T$3:$T$30=T10)*($U$3:$U$30=U10)*($V$3:$V$30=V10)*($W$3:$W$30=W10)*($X$3:$X$30=X10)*($Y$3:$Y$30>Y10)),"") -> 0 | AX10: =IF(B10<>"",SUMPRODUCT(($E$3:$E$30=E10)*($F$3:$F$30=F10)*($G$3:$G$30=G10)*($H$3:$H$30=H10)*($I$3:$I$30=I10)*($J$3:$J$30=J10)*($K$3:$K$30=K10)*($L$3:$L$30=L10)*($M$3:$M$30=M10)*($N$3:$N$30=N10)*($O$3:$O$30=O10)*($P$3:$P$30=P10)*($Q$3:$Q$30=Q10)*($R$3:$R$30=R10)*($S$3:$S$30=S10)*($T$3:$T$30=T10)*($U$3:$U$30=U10)*($V$3:$V$30=V10)*($W$3:$W$30=W10)*($X$3:$X$30=X10)*($Y$3:$Y$30=Y10)*($Z$3:$Z$30>Z10)),"") -> 0 | AY10: =IF(B10<>"",SUMPRODUCT(($E$3:$E$30=E10)*($F$3:$F$30=F10)*($G$3:$G$30=G10)*($H$3:$H$30=H10)*($I$3:$I$30=I10)*($J$3:$J$30=J10)*($K$3:$K$30=K10)*($L$3:$L$30=L10)*($M$3:$M$30=M10)*($N$3:$N$30=N10)*($O$3:$O$30=O10)*($P$3:$P$30=P10)*($Q$3:$Q$30=Q10)*($R$3:$R$30=R10)*($S$3:$S$30=S10)*($T$3:$T$30=T10)*($U$3:$U$30=U10)*($V$3:$V$30=V10)*($W$3:$W$30=W10)*($X$3:$X$30=X10)*($Y$3:$Y$30=Y10)*($Z$3:$Z$30=Z10)*($AA$3:$AA$30>AA10)),"") -> 0 | AZ10: =IF(B10<>"",SUMPRODUCT(($E$3:$E$30=E10)*($F$3:$F$30=F10)*($G$3:$G$30=G10)*($H$3:$H$30=H10)*($I$3:$I$30=I10)*($J$3:$J$30=J10)*($K$3:$K$30=K10)*($L$3:$L$30=L10)*($M$3:$M$30=M10)*($N$3:$N$30=N10)*($O$3:$O$30=O10)*($P$3:$P$30=P10)*($Q$3:$Q$30=Q10)*($R$3:$R$30=R10)*($S$3:$S$30=S10)*($T$3:$T$30=T10)*($U$3:$U$30=U10)*($V$3:$V$30=V10)*($W$3:$W$30=W10)*($X$3:$X$30=X10)*($Y$3:$Y$30=Y10)*($Z$3:$Z$30=Z10)*($AA$3:$AA$30=AA10)*($AB$3:$AB$30>AB10)),"") -> 0 | BA10: =IF(B10<>"",SUMPRODUCT(($E$3:$E$30=E10)*($F$3:$F$30=F10)*($G$3:$G$30=G10)*($H$3:$H$30=H10)*($I$3:$I$30=I10)*($J$3:$J$30=J10)*($K$3:$K$30=K10)*($L$3:$L$30=L10)*($M$3:$M$30=M10)*($N$3:$N$30=N10)*($O$3:$O$30=O10)*($P$3:$P$30=P10)*($Q$3:$Q$30=Q10)*($R$3:$R$30=R10)*($S$3:$S$30=S10)*($T$3:$T$30=T10)*($U$3:$U$30=U10)*($V$3:$V$30=V10)*($W$3:$W$30=W10)*($X$3:$X$30=X10)*($Y$3:$Y$30=Y10)*($Z$3:$Z$30=Z10)*($AA$3:$AA$30=AA10)*($AB$3:$AB$30=AB10)*($AC$3:$AC$30>AC10)),"") -> 0 | BB10: =IF(B10<>"",SUMPRODUCT(($E$3:$E$30=E10)*($F$3:$F$30=F10)*($G$3:$G$30=G10)*($H$3:$H$30=H10)*($I$3:$I$30=I10)*($J$3:$J$30=J10)*($K$3:$K$30=K10)*($L$3:$L$30=L10)*($M$3:$M$30=M10)*($N$3:$N$30=N10)*($O$3:$O$30=O10)*($P$3:$P$30=P10)*($Q$3:$Q$30=Q10)*($R$3:$R$30=R10)*($S$3:$S$30=S10)*($T$3:$T$30=T10)*($U$3:$U$30=U10)*($V$3:$V$30=V10)*($W$3:$W$30=W10)*($X$3:$X$30=X10)*($Y$3:$Y$30=Y10)*($Z$3:$Z$30=Z10)*($AA$3:$AA$30=AA10)*($AB$3:$AB$30=AB10)*($AC$3:$AC$30=AC10)*($BC$3:$BC$30<BC10)),"") -> 0 | BC10: =IF(B10<>"",'Equipes e Pilotos'!B10,"") -> 8
A11: =IF(B11<>"",RANK(E11,E$3:E$30)+SUM(AD11:BB11),"") -> 19 | B11: =IF('Equipes e Pilotos'!C11<>"",'Equipes e Pilotos'!C11,"") -> Alexander Albon | C11: =IF(B11<>"",VLOOKUP(B11,'Equipes e Pilotos'!$C$3:$F$30,3,FALSE),"") -> Tailandia | D11: =IF(B11<>"",VLOOKUP(B11,'Equipes e Pilotos'!$C$3:$F$30,4,FALSE),"") -> Williams | E11: =IF(B11<>"",SUMIF(Resultados!C:C,B11,Resultados!F:F),"") -> 5 | F11: =IF(B11<>"",SUMPRODUCT((Resultados!$B$1:$B$602=1)*(Resultados!$C$1:$C$602=B11)*1),"") -> 0 | G11: =IF(B11<>"",SUMPRODUCT((Resultados!$B$1:$B$602=2)*(Resultados!$C$1:$C$602=B11)*1),"") -> 0 | H11: =IF(B11<>"",SUMPRODUCT((Resultados!$B$1:$B$602=3)*(Resultados!$C$1:$C$602=B11)*1),"") -> 0 | I11: =IF(B11<>"",SUMPRODUCT((Resultados!$B$1:$B$602=4)*(Resultados!$C$1:$C$602=B11)*1),"") -> 0 | J11: =IF(B11<>"",SUMPRODUCT((Resultados!$B$1:$B$602=5)*(Resultados!$C$1:$C$602=B11)*1),"") -> 0 | K11: =IF(B11<>"",SUMPRODUCT((Resultados!$B$1:$B$602=6)*(Resultados!$C$1:$C$602=B11)*1),"") -> 0 | L11: =IF(B11<>"",SUMPRODUCT((Resultados!$B$1:$B$602=7)*(Resultados!$C$1:$C$602=B11)*1),"") -> 0 | M11: =IF(B11<>"",SUMPRODUCT((Resultados!$B$1:$B$602=8)*(Resultados!$C$1:$C$602=B11)*1),"") -> 1 | N11: =IF(B11<>"",SUMPRODUCT((Resultados!$B$1:$B$602=9)*(Resultados!$C$1:$C$602=B11)*1),"") -> 0 | O11: =IF(B11<>"",SUMPRODUCT((Resultados!$B$1:$B$602=10)*(Resultados!$C$1:$C$602=B11)*1),"") -> 1 | P11: =IF(B11<>"",SUMPRODUCT((Resultados!$B$1:$B$602=11)*(Resultados!$C$1:$C$602=B11)*1),"") -> 0 | Q11: =IF(B11<>"",SUMPRODUCT((Resultados!$B$1:$B$602=12)*(Resultados!$C$1:$C$602=B11)*1),"") -> 1 | R11: =IF(B11<>"",SUMPRODUCT((Resultados!$B$1:$B$602=13)*(Resultados!$C$1:$C$602=B11)*1),"") -> 0 | S11: =IF(B11<>"",SUMPRODUCT((Resultados!$B$1:$B$602=14)*(Resultados!$C$1:$C$602=B11)*1),"") -> 0 | T11: =IF(B11<>"",SUMPRODUCT((Resultados!$B$1:$B$602=15)*(Resultados!$C$1:$C$602=B11)*1),"") -> 2 | U11: =IF(B11<>"",SUMPRODUCT((Resultados!$B$1:$B$602=16)*(Resultados!$C$1:$C$602=B11)*1),"") -> 2 | V11: =IF(B11<>"",SUMPRODUCT((Resultados!$B$1:$B$602=17)*(Resultados!$C$1:$C$602=B11)*1),"") -> 4 | W11: =IF(B11<>"",SUMPRODUCT((Resultados!$B$1:$B$602=18)*(Resultados!$C$1:$C$602=B11)*1),"") -> 3 | X11: =IF(B11<>"",SUMPRODUCT((Resultados!$B$1:$B$602=19)*(Resultados!$C$1:$C$602=B11)*1),"") -> 1 | Y11: =IF(B11<>"",SUMPRODUCT((Resultados!$B$1:$B$602=20)*(Resultados!$C$1:$C$602=B11)*1),"") -> 2 | Z11: =IF(B11<>"",SUMPRODUCT((Resultados!$B$1:$B$602=21)*(Resultados!$C$1:$C$602=B11)*1),"") -> 3 | AA11: =IF(B11<>"",SUMPRODUCT((Resultados!$B$1:$B$602=22)*(Resultados!$C$1:$C$602=B11)*1),"") -> 1 | AB11: =IF(B11<>"",SUMPRODUCT((Resultados!$B$1:$B$602=23)*(Resultados!$C$1:$C$602=B11)*1),"") -> 0 | AC11: =IF(B11<>"",SUMPRODUCT((Resultados!$B$1:$B$602=24)*(Resultados!$C$1:$C$602=B11)*1),"") -> 0 | AD11: =IF(B11<>"",SUMPRODUCT(($E$3:$E$30=E11)*($F$3:$F$30>F11)),"") -> 0 | AE11: =IF(B11<>"",SUMPRODUCT(($E$3:$E$30=E11)*($F$3:$F$30=F11)*($G$3:$G$30>G11)),"") -> 0 | AF11: =IF(B11<>"",SUMPRODUCT(($E$3:$E$30=E11)*($F$3:$F$30=F11)*($G$3:$G$30=G11)*($H$3:$H$30>H11)),"") -> 0 | AG11: =IF(B11<>"",SUMPRODUCT(($E$3:$E$30=E11)*($F$3:$F$30=F11)*($G$3:$G$30=G11)*($H$3:$H$30=H11)*($I$3:$I$30>I11)),"") -> 0 | AH11: =IF(B11<>"",SUMPRODUCT(($E$3:$E$30=E11)*($F$3:$F$30=F11)*($G$3:$G$30=G11)*($H$3:$H$30=H11)*($I$3:$I$30=I11)*($J$3:$J$30>J11)),"") -> 0 | AI11: =IF(B11<>"",SUMPRODUCT(($E$3:$E$30=E11)*($F$3:$F$30=F11)*($G$3:$G$30=G11)*($H$3:$H$30=H11)*($I$3:$I$30=I11)*($J$3:$J$30=J11)*($K$3:$K$30>K11)),"") -> 0 | AJ11: =IF(B11<>"",SUMPRODUCT(($E$3:$E$30=E11)*($F$3:$F$30=F11)*($G$3:$G$30=G11)*($H$3:$H$30=H11)*($I$3:$I$30=I11)*($J$3:$J$30=J11)*($K$3:$K$30=K11)*($L$3:$L$30>L11)),"") -> 0 | AK11: =IF(B11<>"",SUMPRODUCT(($E$3:$E$30=E11)*($F$3:$F$30=F11)*($G$3:$G$30=G11)*($H$3:$H$30=H11)*($I$3:$I$30=I11)*($J$3:$J$30=J11)*($K$3:$K$30=K11)*($L$3:$L$30=L11)*($M$3:$M$30>M11)),"") -> 0 | AL11: =IF(B11<>"",SUMPRODUCT(($E$3:$E$30=E11)*($F$3:$F$30=F11)*($G$3:$G$30=G11)*($H$3:$H$30=H11)*($I$3:$I$30=I11)*($J$3:$J$30=J11)*($K$3:$K$30=K11)*($L$3:$L$30=L11)*($M$3:$M$30=M11)*($N$3:$N$30>N11)),"") -> 0 | AM11: =IF(B11<>"",SUMPRODUCT(($E$3:$E$30=E11)*($F$3:$F$30=F11)*($G$3:$G$30=G11)*($H$3:$H$30=H11)*($I$3:$I$30=I11)*($J$3:$J$30=J11)*($K$3:$K$30=K11)*($L$3:$L$30=L11)*($M$3:$M$30=M11)*($N$3:$N$30=N11)*($O$3:$O$30>O11)),"") -> 0 | AN11: =IF(B11<>"",SUMPRODUCT(($E$3:$E$30=E11)*($F$3:$F$30=F11)*($G$3:$G$30=G11)*($H$3:$H$30=H11)*($I$3:$I$30=I11)*($J$3:$J$30=J11)*($K$3:$K$30=K11)*($L$3:$L$30=L11)*($M$3:$M$30=M11)*($N$3:$N$30=N11)*($O$3:$O$30=O11)*($P$3:$P$30>P11)),"") -> 0 | AO11: =IF(B11<>"",SUMPRODUCT(($E$3:$E$30=E11)*($F$3:$F$30=F11)*($G$3:$G$30=G11)*($H$3:$H$30=H11)*($I$3:$I$30=I11)*($J$3:$J$30=J11)*($K$3:$K$30=K11)*($L$3:$L$30=L11)*($M$3:$M$30=M11)*($N$3:$N$30=N11)*($O$3:$O$30=O11)*($P$3:$P$30=P11)*($Q$3:$Q$30>Q11)),"") -> 0 | AP11: =IF(B11<>"",SUMPRODUCT(($E$3:$E$30=E11)*($F$3:$F$30=F11)*($G$3:$G$30=G11)*($H$3:$H$30=H11)*($I$3:$I$30=I11)*($J$3:$J$30=J11)*($K$3:$K$30=K11)*($L$3:$L$30=L11)*($M$3:$M$30=M11)*($N$3:$N$30=N11)*($O$3:$O$30=O11)*($P$3:$P$30=P11)*($Q$3:$Q$30=Q11)*($R$3:$R$30>R11)),"") -> 0 | AQ11: =IF(B11<>"",SUMPRODUCT(($E$3:$E$30=E11)*($F$3:$F$30=F11)*($G$3:$G$30=G11)*($H$3:$H$30=H11)*($I$3:$I$30=I11)*($J$3:$J$30=J11)*($K$3:$K$30=K11)*($L$3:$L$30=L11)*($M$3:$M$30=M11)*($N$3:$N$30=N11)*($O$3:$O$30=O11)*($P$3:$P$30=P11)*($Q$3:$Q$30=Q11)*($R$3:$R$30=R11)*($S$3:$S$30>S11)),"") -> 0 | AR11: =IF(B11<>"",SUMPRODUCT(($E$3:$E$30=E11)*($F$3:$F$30=F11)*($G$3:$G$30=G11)*($H$3:$H$30=H11)*($I$3:$I$30=I11)*($J$3:$J$30=J11)*($K$3:$K$30=K11)*($L$3:$L$30=L11)*($M$3:$M$30=M11)*($N$3:$N$30=N11)*($O$3:$O$30=O11)*($P$3:$P$30=P11)*($Q$3:$Q$30=Q11)*($R$3:$R$30=R11)*($S$3:$S$30=S11)*($T$3:$T$30>T11)),"") -> 0 | AS11: =IF(B11<>"",SUMPRODUCT(($E$3:$E$30=E11)*($F$3:$F$30=F11)*($G$3:$G$30=G11)*($H$3:$H$30=H11)*($I$3:$I$30=I11)*($J$3:$J$30=J11)*($K$3:$K$30=K11)*($L$3:$L$30=L11)*($M$3:$M$30=M11)*($N$3:$N$30=N11)*($O$3:$O$30=O11)*($P$3:$P$30=P11)*($Q$3:$Q$30=Q11)*($R$3:$R$30=R11)*($S$3:$S$30=S11)*($T$3:$T$30=T11)*($U$3:$U$30>U11)),"") -> 0 | AT11: =IF(B11<>"",SUMPRODUCT(($E$3:$E$30=E11)*($F$3:$F$30=F11)*($G$3:$G$30=G11)*($H$3:$H$30=H11)*($I$3:$I$30=I11)*($J$3:$J$30=J11)*($K$3:$K$30=K11)*($L$3:$L$30=L11)*($M$3:$M$30=M11)*($N$3:$N$30=N11)*($O$3:$O$30=O11)*($P$3:$P$30=P11)*($Q$3:$Q$30=Q11)*($R$3:$R$30=R11)*($S$3:$S$30=S11)*($T$3:$T$30=T11)*($U$3:$U$30=U11)*($V$3:$V$30>V11)),"") -> 0 | AU11: =IF(B11<>"",SUMPRODUCT(($E$3:$E$30=E11)*($F$3:$F$30=F11)*($G$3:$G$30=G11)*($H$3:$H$30=H11)*($I$3:$I$30=I11)*($J$3:$J$30=J11)*($K$3:$K$30=K11)*($L$3:$L$30=L11)*($M$3:$M$30=M11)*($N$3:$N$30=N11)*($O$3:$O$30=O11)*($P$3:$P$30=P11)*($Q$3:$Q$30=Q11)*($R$3:$R$30=R11)*($S$3:$S$30=S11)*($T$3:$T$30=T11)*($U$3:$U$30=U11)*($V$3:$V$30=V11)*($W$3:$W$30>W11)),"") -> 0 | AV11: =IF(B11<>"",SUMPRODUCT(($E$3:$E$30=E11)*($F$3:$F$30=F11)*($G$3:$G$30=G11)*($H$3:$H$30=H11)*($I$3:$I$30=I11)*($J$3:$J$30=J11)*($K$3:$K$30=K11)*($L$3:$L$30=L11)*($M$3:$M$30=M11)*($N$3:$N$30=N11)*($O$3:$O$30=O11)*($P$3:$P$30=P11)*($Q$3:$Q$30=Q11)*($R$3:$R$30=R11)*($S$3:$S$30=S11)*($T$3:$T$30=T11)*($U$3:$U$30=U11)*($V$3:$V$30=V11)*($W$3:$W$30=W11)*($X$3:$X$30>X11)),"") -> 0 | AW11: =IF(B11<>"",SUMPRODUCT(($E$3:$E$30=E11)*($F$3:$F$30=F11)*($G$3:$G$30=G11)*($H$3:$H$30=H11)*($I$3:$I$30=I11)*($J$3:$J$30=J11)*($K$3:$K$30=K11)*($L$3:$L$30=L11)*($M$3:$M$30=M11)*($N$3:$N$30=N11)*($O$3:$O$30=O11)*($P$3:$P$30=P11)*($Q$3:$Q$30=Q11)*($R$3:$R$30=R11)*($S$3:$S$30=S11)*($T$3:$T$30=T11)*($U$3:$U$30=U11)*($V$3:$V$30=V11)*($W$3:$W$30=W11)*($X$3:$X$30=X11)*($Y$3:$Y$30>Y11)),"") -> 0 | AX11: =IF(B11<>"",SUMPRODUCT(($E$3:$E$30=E11)*($F$3:$F$30=F11)*($G$3:$G$30=G11)*($H$3:$H$30=H11)*($I$3:$I$30=I11)*($J$3:$J$30=J11)*($K$3:$K$30=K11)*($L$3:$L$30=L11)*($M$3:$M$30=M11)*($N$3:$N$30=N11)*($O$3:$O$30=O11)*($P$3:$P$30=P11)*($Q$3:$Q$30=Q11)*($R$3:$R$30=R11)*($S$3:$S$30=S11)*($T$3:$T$30=T11)*($U$3:$U$30=U11)*($V$3:$V$30=V11)*($W$3:$W$30=W11)*($X$3:$X$30=X11)*($Y$3:$Y$30=Y11)*($Z$3:$Z$30>Z11)),"") -> 0 | AY11: =IF(B11<>"",SUMPRODUCT(($E$3:$E$30=E11)*($F$3:$F$30=F11)*($G$3:$G$30=G11)*($H$3:$H$30=H11)*($I$3:$I$30=I11)*($J$3:$J$30=J11)*($K$3:$K$30=K11)*($L$3:$L$30=L11)*($M$3:$M$30=M11)*($N$3:$N$30=N11)*($O$3:$O$30=O11)*($P$3:$P$30=P11)*($Q$3:$Q$30=Q11)*($R$3:$R$30=R11)*($S$3:$S$30=S11)*($T$3:$T$30=T11)*($U$3:$U$30=U11)*($V$3:$V$30=V11)*($W$3:$W$30=W11)*($X$3:$X$30=X11)*($Y$3:$Y$30=Y11)*($Z$3:$Z$30=Z11)*($AA$3:$AA$30>AA11)),"") -> 0 | AZ11: =IF(B11<>"",SUMPRODUCT(($E$3:$E$30=E11)*($F$3:$F$30=F11)*($G$3:$G$30=G11)*($H$3:$H$30=H11)*($I$3:$I$30=I11)*($J$3:$J$30=J11)*($K$3:$K$30=K11)*($L$3:$L$30=L11)*($M$3:$M$30=M11)*($N$3:$N$30=N11)*($O$3:$O$30=O11)*($P$3:$P$30=P11)*($Q$3:$Q$30=Q11)*($R$3:$R$30=R11)*($S$3:$S$30=S11)*($T$3:$T$30=T11)*($U$3:$U$30=U11)*($V$3:$V$30=V11)*($W$3:$W$30=W11)*($X$3:$X$30=X11)*($Y$3:$Y$30=Y11)*($Z$3:$Z$30=Z11)*($AA$3:$AA$30=AA11)*($AB$3:$AB$30>AB11)),"") -> 0 | BA11: =IF(B11<>"",SUMPRODUCT(($E$3:$E$30=E11)*($F$3:$F$30=F11)*($G$3:$G$30=G11)*($H$3:$H$30=H11)*($I$3:$I$30=I11)*($J$3:$J$30=J11)*($K$3:$K$30=K11)*($L$3:$L$30=L11)*($M$3:$M$30=M11)*($N$3:$N$30=N11)*($O$3:$O$30=O11)*($P$3:$P$30=P11)*($Q$3:$Q$30=Q11)*($R$3:$R$30=R11)*($S$3:$S$30=S11)*($T$3:$T$30=T11)*($U$3:$U$30=U11)*($V$3:$V$30=V11)*($W$3:$W$30=W11)*($X$3:$X$30=X11)*($Y$3:$Y$30=Y11)*($Z$3:$Z$30=Z11)*($AA$3:$AA$30=AA11)*($AB$3:$AB$30=AB11)*($AC$3:$AC$30>AC11)),"") -> 0 | BB11: =IF(B11<>"",SUMPRODUCT(($E$3:$E$30=E11)*($F$3:$F$30=F11)*($G$3:$G$30=G11)*($H$3:$H$30=H11)*($I$3:$I$30=I11)*($J$3:$J$30=J11)*($K$3:$K$30=K11)*($L$3:$L$30=L11)*($M$3:$M$30=M11)*($N$3:$N$30=N11)*($O$3:$O$30=O11)*($P$3:$P$30=P11)*($Q$3:$Q$30=Q11)*($R$3:$R$30=R11)*($S$3:$S$30=S11)*($T$3:$T$30=T11)*($U$3:$U$30=U11)*($V$3:$V$30=V11)*($W$3:$W$30=W11)*($X$3:$X$30=X11)*($Y$3:$Y$30=Y11)*($Z$3:$Z$30=Z11)*($AA$3:$AA$30=AA11)*($AB$3:$AB$30=AB11)*($AC$3:$AC$30=AC11)*($BC$3:$BC$30<BC11)),"") -> 0 | BC11: =IF(B11<>"",'Equipes e Pilotos'!B11,"") -> 9
A12: =IF(B12<>"",RANK(E12,E$3:E$30)+SUM(AD12:BB12),"") -> 18 | B12: =IF('Equipes e Pilotos'!C12<>"",'Equipes e Pilotos'!C12,"") -> Carlos Sainz | C12: =IF(B12<>"",VLOOKUP(B12,'Equipes e Pilotos'!$C$3:$F$30,3,FALSE),"") -> Espanha | D12: =IF(B12<>"",VLOOKUP(B12,'Equipes e Pilotos'!$C$3:$F$30,4,FALSE),"") -> Williams | E12: =IF(B12<>"",SUMIF(Resultados!C:C,B12,Resultados!F:F),"") -> 7 | F12: =IF(B12<>"",SUMPRODUCT((Resultados!$B$1:$B$602=1)*(Resultados!$C$1:$C$602=B12)*1),"") -> 0 | G12: =IF(B12<>"",SUMPRODUCT((Resultados!$B$1:$B$602=2)*(Resultados!$C$1:$C$602=B12)*1),"") -> 0 | H12: =IF(B12<>"",SUMPRODUCT((Resultados!$B$1:$B$602=3)*(Resultados!$C$1:$C$602=B12)*1),"") -> 0 | I12: =IF(B12<>"",SUMPRODUCT((Resultados!$B$1:$B$602=4)*(Resultados!$C$1:$C$602=B12)*1),"") -> 0 | J12: =IF(B12<>"",SUMPRODUCT((Resultados!$B$1:$B$602=5)*(Resultados!$C$1:$C$602=B12)*1),"") -> 0 | K12: =IF(B12<>"",SUMPRODUCT((Resultados!$B$1:$B$602=6)*(Resultados!$C$1:$C$602=B12)*1),"") -> 0 | L12: =IF(B12<>"",SUMPRODUCT((Resultados!$B$1:$B$602=7)*(Resultados!$C$1:$C$602=B12)*1),"") -> 0 | M12: =IF(B12<>"",SUMPRODUCT((Resultados!$B$1:$B$602=8)*(Resultados!$C$1:$C$602=B12)*1),"") -> 0 | N12: =IF(B12<>"",SUMPRODUCT((Resultados!$B$1:$B$602=9)*(Resultados!$C$1:$C$602=B12)*1),"") -> 3 | O12: =IF(B12<>"",SUMPRODUCT((Resultados!$B$1:$B$602=10)*(Resultados!$C$1:$C$602=B12)*1),"") -> 2 | P12: =IF(B12<>"",SUMPRODUCT((Resultados!$B$1:$B$602=11)*(Resultados!$C$1:$C$602=B12)*1),"") -> 0 | Q12: =IF(B12<>"",SUMPRODUCT((Resultados!$B$1:$B$602=12)*(Resultados!$C$1:$C$602=B12)*1),"") -> 2 | R12: =IF(B12<>"",SUMPRODUCT((Resultados!$B$1:$B$602=13)*(Resultados!$C$1:$C$602=B12)*1),"") -> 2 | S12: =IF(B12<>"",SUMPRODUCT((Resultados!$B$1:$B$602=14)*(Resultados!$C$1:$C$602=B12)*1),"") -> 0 | T12: =IF(B12<>"",SUMPRODUCT((Resultados!$B$1:$B$602=15)*(Resultados!$C$1:$C$602=B12)*1),"") -> 2 | U12: =IF(B12<>"",SUMPRODUCT((Resultados!$B$1:$B$602=16)*(Resultados!$C$1:$C$602=B12)*1),"") -> 3 | V12: =IF(B12<>"",SUMPRODUCT((Resultados!$B$1:$B$602=17)*(Resultados!$C$1:$C$602=B12)*1),"") -> 3 | W12: =IF(B12<>"",SUMPRODUCT((Resultados!$B$1:$B$602=18)*(Resultados!$C$1:$C$602=B12)*1),"") -> 1 | X12: =IF(B12<>"",SUMPRODUCT((Resultados!$B$1:$B$602=19)*(Resultados!$C$1:$C$602=B12)*1),"") -> 1 | Y12: =IF(B12<>"",SUMPRODUCT((Resultados!$B$1:$B$602=20)*(Resultados!$C$1:$C$602=B12)*1),"") -> 2 | Z12: =IF(B12<>"",SUMPRODUCT((Resultados!$B$1:$B$602=21)*(Resultados!$C$1:$C$602=B12)*1),"") -> 0 | AA12: =IF(B12<>"",SUMPRODUCT((Resultados!$B$1:$B$602=22)*(Resultados!$C$1:$C$602=B12)*1),"") -> 0 | AB12: =IF(B12<>"",SUMPRODUCT((Resultados!$B$1:$B$602=23)*(Resultados!$C$1:$C$602=B12)*1),"") -> 0 | AC12: =IF(B12<>"",SUMPRODUCT((Resultados!$B$1:$B$602=24)*(Resultados!$C$1:$C$602=B12)*1),"") -> 0 | AD12: =IF(B12<>"",SUMPRODUCT(($E$3:$E$30=E12)*($F$3:$F$30>F12)),"") -> 0 | AE12: =IF(B12<>"",SUMPRODUCT(($E$3:$E$30=E12)*($F$3:$F$30=F12)*($G$3:$G$30>G12)),"") -> 0 | AF12: =IF(B12<>"",SUMPRODUCT(($E$3:$E$30=E12)*($F$3:$F$30=F12)*($G$3:$G$30=G12)*($H$3:$H$30>H12)),"") -> 0 | AG12: =IF(B12<>"",SUMPRODUCT(($E$3:$E$30=E12)*($F$3:$F$30=F12)*($G$3:$G$30=G12)*($H$3:$H$30=H12)*($I$3:$I$30>I12)),"") -> 0 | AH12: =IF(B12<>"",SUMPRODUCT(($E$3:$E$30=E12)*($F$3:$F$30=F12)*($G$3:$G$30=G12)*($H$3:$H$30=H12)*($I$3:$I$30=I12)*($J$3:$J$30>J12)),"") -> 0 | AI12: =IF(B12<>"",SUMPRODUCT(($E$3:$E$30=E12)*($F$3:$F$30=F12)*($G$3:$G$30=G12)*($H$3:$H$30=H12)*($I$3:$I$30=I12)*($J$3:$J$30=J12)*($K$3:$K$30>K12)),"") -> 0 | AJ12: =IF(B12<>"",SUMPRODUCT(($E$3:$E$30=E12)*($F$3:$F$30=F12)*($G$3:$G$30=G12)*($H$3:$H$30=H12)*($I$3:$I$30=I12)*($J$3:$J$30=J12)*($K$3:$K$30=K12)*($L$3:$L$30>L12)),"") -> 0 | AK12: =IF(B12<>"",SUMPRODUCT(($E$3:$E$30=E12)*($F$3:$F$30=F12)*($G$3:$G$30=G12)*($H$3:$H$30=H12)*($I$3:$I$30=I12)*($J$3:$J$30=J12)*($K$3:$K$30=K12)*($L$3:$L$30=L12)*($M$3:$M$30>M12)),"") -> 2 | AL12: =IF(B12<>"",SUMPRODUCT(($E$3:$E$30=E12)*($F$3:$F$30=F12)*($G$3:$G$30=G12)*($H$3:$H$30=H12)*($I$3:$I$30=I12)*($J$3:$J$30=J12)*($K$3:$K$30=K12)*($L$3:$L$30=L12)*($M$3:$M$30=M12)*($N$3:$N$30>N12)),"") -> 0 | AM12: =IF(B12<>"",SUMPRODUCT(($E$3:$E$30=E12)*($F$3:$F$30=F12)*($G$3:$G$30=G12)*($H$3:$H$30=H12)*($I$3:$I$30=I12)*($J$3:$J$30=J12)*($K$3:$K$30=K12)*($L$3:$L$30=L12)*($M$3:$M$30=M12)*($N$3:$N$30=N12)*($O$3:$O$30>O12)),"") -> 0 | AN12: =IF(B12<>"",SUMPRODUCT(($E$3:$E$30=E12)*($F$3:$F$30=F12)*($G$3:$G$30=G12)*($H$3:$H$30=H12)*($I$3:$I$30=I12)*($J$3:$J$30=J12)*($K$3:$K$30=K12)*($L$3:$L$30=L12)*($M$3:$M$30=M12)*($N$3:$N$30=N12)*($O$3:$O$30=O12)*($P$3:$P$30>P12)),"") -> 0 | AO12: =IF(B12<>"",SUMPRODUCT(($E$3:$E$30=E12)*($F$3:$F$30=F12)*($G$3:$G$30=G12)*($H$3:$H$30=H12)*($I$3:$I$30=I12)*($J$3:$J$30=J12)*($K$3:$K$30=K12)*($L$3:$L$30=L12)*($M$3:$M$30=M12)*($N$3:$N$30=N12)*($O$3:$O$30=O12)*($P$3:$P$30=P12)*($Q$3:$Q$30>Q12)),"") -> 0 | AP12: =IF(B12<>"",SUMPRODUCT(($E$3:$E$30=E12)*($F$3:$F$30=F12)*($G$3:$G$30=G12)*($H$3:$H$30=H12)*($I$3:$I$30=I12)*($J$3:$J$30=J12)*($K$3:$K$30=K12)*($L$3:$L$30=L12)*($M$3:$M$30=M12)*($N$3:$N$30=N12)*($O$3:$O$30=O12)*($P$3:$P$30=P12)*($Q$3:$Q$30=Q12)*($R$3:$R$30>R12)),"") -> 0 | AQ12: =IF(B12<>"",SUMPRODUCT(($E$3:$E$30=E12)*($F$3:$F$30=F12)*($G$3:$G$30=G12)*($H$3:$H$30=H12)*($I$3:$I$30=I12)*($J$3:$J$30=J12)*($K$3:$K$30=K12)*($L$3:$L$30=L12)*($M$3:$M$30=M12)*($N$3:$N$30=N12)*($O$3:$O$30=O12)*($P$3:$P$30=P12)*($Q$3:$Q$30=Q12)*($R$3:$R$30=R12)*($S$3:$S$30>S12)),"") -> 0 | AR12: =IF(B12<>"",SUMPRODUCT(($E$3:$E$30=E12)*($F$3:$F$30=F12)*($G$3:$G$30=G12)*($H$3:$H$30=H12)*($I$3:$I$30=I12)*($J$3:$J$30=J12)*($K$3:$K$30=K12)*($L$3:$L$30=L12)*($M$3:$M$30=M12)*($N$3:$N$30=N12)*($O$3:$O$30=O12)*($P$3:$P$30=P12)*($Q$3:$Q$30=Q12)*($R$3:$R$30=R12)*($S$3:$S$30=S12)*($T$3:$T$30>T12)),"") -> 0 | AS12: =IF(B12<>"",SUMPRODUCT(($E$3:$E$30=E12)*($F$3:$F$30=F12)*($G$3:$G$30=G12)*($H$3:$H$30=H12)*($I$3:$I$30=I12)*($J$3:$J$30=J12)*($K$3:$K$30=K12)*($L$3:$L$30=L12)*($M$3:$M$30=M12)*($N$3:$N$30=N12)*($O$3:$O$30=O12)*($P$3:$P$30=P12)*($Q$3:$Q$30=Q12)*($R$3:$R$30=R12)*($S$3:$S$30=S12)*($T$3:$T$30=T12)*($U$3:$U$30>U12)),"") -> 0 | AT12: =IF(B12<>"",SUMPRODUCT(($E$3:$E$30=E12)*($F$3:$F$30=F12)*($G$3:$G$30=G12)*($H$3:$H$30=H12)*($I$3:$I$30=I12)*($J$3:$J$30=J12)*($K$3:$K$30=K12)*($L$3:$L$30=L12)*($M$3:$M$30=M12)*($N$3:$N$30=N12)*($O$3:$O$30=O12)*($P$3:$P$30=P12)*($Q$3:$Q$30=Q12)*($R$3:$R$30=R12)*($S$3:$S$30=S12)*($T$3:$T$30=T12)*($U$3:$U$30=U12)*($V$3:$V$30>V12)),"") -> 0 | AU12: =IF(B12<>"",SUMPRODUCT(($E$3:$E$30=E12)*($F$3:$F$30=F12)*($G$3:$G$30=G12)*($H$3:$H$30=H12)*($I$3:$I$30=I12)*($J$3:$J$30=J12)*($K$3:$K$30=K12)*($L$3:$L$30=L12)*($M$3:$M$30=M12)*($N$3:$N$30=N12)*($O$3:$O$30=O12)*($P$3:$P$30=P12)*($Q$3:$Q$30=Q12)*($R$3:$R$30=R12)*($S$3:$S$30=S12)*($T$3:$T$30=T12)*($U$3:$U$30=U12)*($V$3:$V$30=V12)*($W$3:$W$30>W12)),"") -> 0 | AV12: =IF(B12<>"",SUMPRODUCT(($E$3:$E$30=E12)*($F$3:$F$30=F12)*($G$3:$G$30=G12)*($H$3:$H$30=H12)*($I$3:$I$30=I12)*($J$3:$J$30=J12)*($K$3:$K$30=K12)*($L$3:$L$30=L12)*($M$3:$M$30=M12)*($N$3:$N$30=N12)*($O$3:$O$30=O12)*($P$3:$P$30=P12)*($Q$3:$Q$30=Q12)*($R$3:$R$30=R12)*($S$3:$S$30=S12)*($T$3:$T$30=T12)*($U$3:$U$30=U12)*($V$3:$V$30=V12)*($W$3:$W$30=W12)*($X$3:$X$30>X12)),"") -> 0 | AW12: =IF(B12<>"",SUMPRODUCT(($E$3:$E$30=E12)*($F$3:$F$30=F12)*($G$3:$G$30=G12)*($H$3:$H$30=H12)*($I$3:$I$30=I12)*($J$3:$J$30=J12)*($K$3:$K$30=K12)*($L$3:$L$30=L12)*($M$3:$M$30=M12)*($N$3:$N$30=N12)*($O$3:$O$30=O12)*($P$3:$P$30=P12)*($Q$3:$Q$30=Q12)*($R$3:$R$30=R12)*($S$3:$S$30=S12)*($T$3:$T$30=T12)*($U$3:$U$30=U12)*($V$3:$V$30=V12)*($W$3:$W$30=W12)*($X$3:$X$30=X12)*($Y$3:$Y$30>Y12)),"") -> 0 | AX12: =IF(B12<>"",SUMPRODUCT(($E$3:$E$30=E12)*($F$3:$F$30=F12)*($G$3:$G$30=G12)*($H$3:$H$30=H12)*($I$3:$I$30=I12)*($J$3:$J$30=J12)*($K$3:$K$30=K12)*($L$3:$L$30=L12)*($M$3:$M$30=M12)*($N$3:$N$30=N12)*($O$3:$O$30=O12)*($P$3:$P$30=P12)*($Q$3:$Q$30=Q12)*($R$3:$R$30=R12)*($S$3:$S$30=S12)*($T$3:$T$30=T12)*($U$3:$U$30=U12)*($V$3:$V$30=V12)*($W$3:$W$30=W12)*($X$3:$X$30=X12)*($Y$3:$Y$30=Y12)*($Z$3:$Z$30>Z12)),"") -> 0 | AY12: =IF(B12<>"",SUMPRODUCT(($E$3:$E$30=E12)*($F$3:$F$30=F12)*($G$3:$G$30=G12)*($H$3:$H$30=H12)*($I$3:$I$30=I12)*($J$3:$J$30=J12)*($K$3:$K$30=K12)*($L$3:$L$30=L12)*($M$3:$M$30=M12)*($N$3:$N$30=N12)*($O$3:$O$30=O12)*($P$3:$P$30=P12)*($Q$3:$Q$30=Q12)*($R$3:$R$30=R12)*($S$3:$S$30=S12)*($T$3:$T$30=T12)*($U$3:$U$30=U12)*($V$3:$V$30=V12)*($W$3:$W$30=W12)*($X$3:$X$30=X12)*($Y$3:$Y$30=Y12)*($Z$3:$Z$30=Z12)*($AA$3:$AA$30>AA12)),"") -> 0 | AZ12: =IF(B12<>"",SUMPRODUCT(($E$3:$E$30=E12)*($F$3:$F$30=F12)*($G$3:$G$30=G12)*($H$3:$H$30=H12)*($I$3:$I$30=I12)*($J$3:$J$30=J12)*($K$3:$K$30=K12)*($L$3:$L$30=L12)*($M$3:$M$30=M12)*($N$3:$N$30=N12)*($O$3:$O$30=O12)*($P$3:$P$30=P12)*($Q$3:$Q$30=Q12)*($R$3:$R$30=R12)*($S$3:$S$30=S12)*($T$3:$T$30=T12)*($U$3:$U$30=U12)*($V$3:$V$30=V12)*($W$3:$W$30=W12)*($X$3:$X$30=X12)*($Y$3:$Y$30=Y12)*($Z$3:$Z$30=Z12)*($AA$3:$AA$30=AA12)*($AB$3:$AB$30>AB12)),"") -> 0 | BA12: =IF(B12<>"",SUMPRODUCT(($E$3:$E$30=E12)*($F$3:$F$30=F12)*($G$3:$G$30=G12)*($H$3:$H$30=H12)*($I$3:$I$30=I12)*($J$3:$J$30=J12)*($K$3:$K$30=K12)*($L$3:$L$30=L12)*($M$3:$M$30=M12)*($N$3:$N$30=N12)*($O$3:$O$30=O12)*($P$3:$P$30=P12)*($Q$3:$Q$30=Q12)*($R$3:$R$30=R12)*($S$3:$S$30=S12)*($T$3:$T$30=T12)*($U$3:$U$30=U12)*($V$3:$V$30=V12)*($W$3:$W$30=W12)*($X$3:$X$30=X12)*($Y$3:$Y$30=Y12)*($Z$3:$Z$30=Z12)*($AA$3:$AA$30=AA12)*($AB$3:$AB$30=AB12)*($AC$3:$AC$30>AC12)),"") -> 0 | BB12: =IF(B12<>"",SUMPRODUCT(($E$3:$E$30=E12)*($F$3:$F$30=F12)*($G$3:$G$30=G12)*($H$3:$H$30=H12)*($I$3:$I$30=I12)*($J$3:$J$30=J12)*($K$3:$K$30=K12)*($L$3:$L$30=L12)*($M$3:$M$30=M12)*($N$3:$N$30=N12)*($O$3:$O$30=O12)*($P$3:$P$30=P12)*($Q$3:$Q$30=Q12)*($R$3:$R$30=R12)*($S$3:$S$30=S12)*($T$3:$T$30=T12)*($U$3:$U$30=U12)*($V$3:$V$30=V12)*($W$3:$W$30=W12)*($X$3:$X$30=X12)*($Y$3:$Y$30=Y12)*($Z$3:$Z$30=Z12)*($AA$3:$AA$30=AA12)*($AB$3:$AB$30=AB12)*($AC$3:$AC$30=AC12)*($BC$3:$BC$30<BC12)),"") -> 0 | BC12: =IF(B12<>"",'Equipes e Pilotos'!B12,"") -> 10
A13: =IF(B13<>"",RANK(E13,E$3:E$30)+SUM(AD13:BB13),"") -> 9 | B13: =IF('Equipes e Pilotos'!C13<>"",'Equipes e Pilotos'!C13,"") -> Liam Lawson | C13: =IF(B13<>"",VLOOKUP(B13,'Equipes e Pilotos'!$C$3:$F$30,3,FALSE),"") -> Austrália | D13: =IF(B13<>"",VLOOKUP(B13,'Equipes e Pilotos'!$C$3:$F$30,4,FALSE),"") -> Racing Bulls | E13: =IF(B13<>"",SUMIF(Resultados!C:C,B13,Resultados!F:F),"") -> 75 | F13: =IF(B13<>"",SUMPRODUCT((Resultados!$B$1:$B$602=1)*(Resultados!$C$1:$C$602=B13)*1),"") -> 0 | G13: =IF(B13<>"",SUMPRODUCT((Resultados!$B$1:$B$602=2)*(Resultados!$C$1:$C$602=B13)*1),"") -> 0 | H13: =IF(B13<>"",SUMPRODUCT((Resultados!$B$1:$B$602=3)*(Resultados!$C$1:$C$602=B13)*1),"") -> 0 | I13: =IF(B13<>"",SUMPRODUCT((Resultados!$B$1:$B$602=4)*(Resultados!$C$1:$C$602=B13)*1),"") -> 0 | J13: =IF(B13<>"",SUMPRODUCT((Resultados!$B$1:$B$602=5)*(Resultados!$C$1:$C$602=B13)*1),"") -> 1 | K13: =IF(B13<>"",SUMPRODUCT((Resultados!$B$1:$B$602=6)*(Resultados!$C$1:$C$602=B13)*1),"") -> 2 | L13: =IF(B13<>"",SUMPRODUCT((Resultados!$B$1:$B$602=7)*(Resultados!$C$1:$C$602=B13)*1),"") -> 5 | M13: =IF(B13<>"",SUMPRODUCT((Resultados!$B$1:$B$602=8)*(Resultados!$C$1:$C$602=B13)*1),"") -> 3 | N13: =IF(B13<>"",SUMPRODUCT((Resultados!$B$1:$B$602=9)*(Resultados!$C$1:$C$602=B13)*1),"") -> 2 | O13: =IF(B13<>"",SUMPRODUCT((Resultados!$B$1:$B$602=10)*(Resultados!$C$1:$C$602=B13)*1),"") -> 0 | P13: =IF(B13<>"",SUMPRODUCT((Resultados!$B$1:$B$602=11)*(Resultados!$C$1:$C$602=B13)*1),"") -> 2 | Q13: =IF(B13<>"",SUMPRODUCT((Resultados!$B$1:$B$602=12)*(Resultados!$C$1:$C$602=B13)*1),"") -> 2 | R13: =IF(B13<>"",SUMPRODUCT((Resultados!$B$1:$B$602=13)*(Resultados!$C$1:$C$602=B13)*1),"") -> 1 | S13: =IF(B13<>"",SUMPRODUCT((Resultados!$B$1:$B$602=14)*(Resultados!$C$1:$C$602=B13)*1),"") -> 2 | T13: =IF(B13<>"",SUMPRODUCT((Resultados!$B$1:$B$602=15)*(Resultados!$C$1:$C$602=B13)*1),"") -> 0 | U13: =IF(B13<>"",SUMPRODUCT((Resultados!$B$1:$B$602=16)*(Resultados!$C$1:$C$602=B13)*1),"") -> 0 | V13: =IF(B13<>"",SUMPRODUCT((Resultados!$B$1:$B$602=17)*(Resultados!$C$1:$C$602=B13)*1),"") -> 0 | W13: =IF(B13<>"",SUMPRODUCT((Resultados!$B$1:$B$602=18)*(Resultados!$C$1:$C$602=B13)*1),"") -> 0 | X13: =IF(B13<>"",SUMPRODUCT((Resultados!$B$1:$B$602=19)*(Resultados!$C$1:$C$602=B13)*1),"") -> 0 | Y13: =IF(B13<>"",SUMPRODUCT((Resultados!$B$1:$B$602=20)*(Resultados!$C$1:$C$602=B13)*1),"") -> 1 | Z13: =IF(B13<>"",SUMPRODUCT((Resultados!$B$1:$B$602=21)*(Resultados!$C$1:$C$602=B13)*1),"") -> 0 | AA13: =IF(B13<>"",SUMPRODUCT((Resultados!$B$1:$B$602=22)*(Resultados!$C$1:$C$602=B13)*1),"") -> 0 | AB13: =IF(B13<>"",SUMPRODUCT((Resultados!$B$1:$B$602=23)*(Resultados!$C$1:$C$602=B13)*1),"") -> 0 | AC13: =IF(B13<>"",SUMPRODUCT((Resultados!$B$1:$B$602=24)*(Resultados!$C$1:$C$602=B13)*1),"") -> 0 | AD13: =IF(B13<>"",SUMPRODUCT(($E$3:$E$30=E13)*($F$3:$F$30>F13)),"") -> 0 | AE13: =IF(B13<>"",SUMPRODUCT(($E$3:$E$30=E13)*($F$3:$F$30=F13)*($G$3:$G$30>G13)),"") -> 0 | AF13: =IF(B13<>"",SUMPRODUCT(($E$3:$E$30=E13)*($F$3:$F$30=F13)*($G$3:$G$30=G13)*($H$3:$H$30>H13)),"") -> 0 | AG13: =IF(B13<>"",SUMPRODUCT(($E$3:$E$30=E13)*($F$3:$F$30=F13)*($G$3:$G$30=G13)*($H$3:$H$30=H13)*($I$3:$I$30>I13)),"") -> 0 | AH13: =IF(B13<>"",SUMPRODUCT(($E$3:$E$30=E13)*($F$3:$F$30=F13)*($G$3:$G$30=G13)*($H$3:$H$30=H13)*($I$3:$I$30=I13)*($J$3:$J$30>J13)),"") -> 0 | AI13: =IF(B13<>"",SUMPRODUCT(($E$3:$E$30=E13)*($F$3:$F$30=F13)*($G$3:$G$30=G13)*($H$3:$H$30=H13)*($I$3:$I$30=I13)*($J$3:$J$30=J13)*($K$3:$K$30>K13)),"") -> 0 | AJ13: =IF(B13<>"",SUMPRODUCT(($E$3:$E$30=E13)*($F$3:$F$30=F13)*($G$3:$G$30=G13)*($H$3:$H$30=H13)*($I$3:$I$30=I13)*($J$3:$J$30=J13)*($K$3:$K$30=K13)*($L$3:$L$30>L13)),"") -> 0 | AK13: =IF(B13<>"",SUMPRODUCT(($E$3:$E$30=E13)*($F$3:$F$30=F13)*($G$3:$G$30=G13)*($H$3:$H$30=H13)*($I$3:$I$30=I13)*($J$3:$J$30=J13)*($K$3:$K$30=K13)*($L$3:$L$30=L13)*($M$3:$M$30>M13)),"") -> 0 | AL13: =IF(B13<>"",SUMPRODUCT(($E$3:$E$30=E13)*($F$3:$F$30=F13)*($G$3:$G$30=G13)*($H$3:$H$30=H13)*($I$3:$I$30=I13)*($J$3:$J$30=J13)*($K$3:$K$30=K13)*($L$3:$L$30=L13)*($M$3:$M$30=M13)*($N$3:$N$30>N13)),"") -> 0 | AM13: =IF(B13<>"",SUMPRODUCT(($E$3:$E$30=E13)*($F$3:$F$30=F13)*($G$3:$G$30=G13)*($H$3:$H$30=H13)*($I$3:$I$30=I13)*($J$3:$J$30=J13)*($K$3:$K$30=K13)*($L$3:$L$30=L13)*($M$3:$M$30=M13)*($N$3:$N$30=N13)*($O$3:$O$30>O13)),"") -> 0 | AN13: =IF(B13<>"",SUMPRODUCT(($E$3:$E$30=E13)*($F$3:$F$30=F13)*($G$3:$G$30=G13)*($H$3:$H$30=H13)*($I$3:$I$30=I13)*($J$3:$J$30=J13)*($K$3:$K$30=K13)*($L$3:$L$30=L13)*($M$3:$M$30=M13)*($N$3:$N$30=N13)*($O$3:$O$30=O13)*($P$3:$P$30>P13)),"") -> 0 | AO13: =IF(B13<>"",SUMPRODUCT(($E$3:$E$30=E13)*($F$3:$F$30=F13)*($G$3:$G$30=G13)*($H$3:$H$30=H13)*($I$3:$I$30=I13)*($J$3:$J$30=J13)*($K$3:$K$30=K13)*($L$3:$L$30=L13)*($M$3:$M$30=M13)*($N$3:$N$30=N13)*($O$3:$O$30=O13)*($P$3:$P$30=P13)*($Q$3:$Q$30>Q13)),"") -> 0 | AP13: =IF(B13<>"",SUMPRODUCT(($E$3:$E$30=E13)*($F$3:$F$30=F13)*($G$3:$G$30=G13)*($H$3:$H$30=H13)*($I$3:$I$30=I13)*($J$3:$J$30=J13)*($K$3:$K$30=K13)*($L$3:$L$30=L13)*($M$3:$M$30=M13)*($N$3:$N$30=N13)*($O$3:$O$30=O13)*($P$3:$P$30=P13)*($Q$3:$Q$30=Q13)*($R$3:$R$30>R13)),"") -> 0 | AQ13: =IF(B13<>"",SUMPRODUCT(($E$3:$E$30=E13)*($F$3:$F$30=F13)*($G$3:$G$30=G13)*($H$3:$H$30=H13)*($I$3:$I$30=I13)*($J$3:$J$30=J13)*($K$3:$K$30=K13)*($L$3:$L$30=L13)*($M$3:$M$30=M13)*($N$3:$N$30=N13)*($O$3:$O$30=O13)*($P$3:$P$30=P13)*($Q$3:$Q$30=Q13)*($R$3:$R$30=R13)*($S$3:$S$30>S13)),"") -> 0 | AR13: =IF(B13<>"",SUMPRODUCT(($E$3:$E$30=E13)*($F$3:$F$30=F13)*($G$3:$G$30=G13)*($H$3:$H$30=H13)*($I$3:$I$30=I13)*($J$3:$J$30=J13)*($K$3:$K$30=K13)*($L$3:$L$30=L13)*($M$3:$M$30=M13)*($N$3:$N$30=N13)*($O$3:$O$30=O13)*($P$3:$P$30=P13)*($Q$3:$Q$30=Q13)*($R$3:$R$30=R13)*($S$3:$S$30=S13)*($T$3:$T$30>T13)),"") -> 0 | AS13: =IF(B13<>"",SUMPRODUCT(($E$3:$E$30=E13)*($F$3:$F$30=F13)*($G$3:$G$30=G13)*($H$3:$H$30=H13)*($I$3:$I$30=I13)*($J$3:$J$30=J13)*($K$3:$K$30=K13)*($L$3:$L$30=L13)*($M$3:$M$30=M13)*($N$3:$N$30=N13)*($O$3:$O$30=O13)*($P$3:$P$30=P13)*($Q$3:$Q$30=Q13)*($R$3:$R$30=R13)*($S$3:$S$30=S13)*($T$3:$T$30=T13)*($U$3:$U$30>U13)),"") -> 0 | AT13: =IF(B13<>"",SUMPRODUCT(($E$3:$E$30=E13)*($F$3:$F$30=F13)*($G$3:$G$30=G13)*($H$3:$H$30=H13)*($I$3:$I$30=I13)*($J$3:$J$30=J13)*($K$3:$K$30=K13)*($L$3:$L$30=L13)*($M$3:$M$30=M13)*($N$3:$N$30=N13)*($O$3:$O$30=O13)*($P$3:$P$30=P13)*($Q$3:$Q$30=Q13)*($R$3:$R$30=R13)*($S$3:$S$30=S13)*($T$3:$T$30=T13)*($U$3:$U$30=U13)*($V$3:$V$30>V13)),"") -> 0 | AU13: =IF(B13<>"",SUMPRODUCT(($E$3:$E$30=E13)*($F$3:$F$30=F13)*($G$3:$G$30=G13)*($H$3:$H$30=H13)*($I$3:$I$30=I13)*($J$3:$J$30=J13)*($K$3:$K$30=K13)*($L$3:$L$30=L13)*($M$3:$M$30=M13)*($N$3:$N$30=N13)*($O$3:$O$30=O13)*($P$3:$P$30=P13)*($Q$3:$Q$30=Q13)*($R$3:$R$30=R13)*($S$3:$S$30=S13)*($T$3:$T$30=T13)*($U$3:$U$30=U13)*($V$3:$V$30=V13)*($W$3:$W$30>W13)),"") -> 0 | AV13: =IF(B13<>"",SUMPRODUCT(($E$3:$E$30=E13)*($F$3:$F$30=F13)*($G$3:$G$30=G13)*($H$3:$H$30=H13)*($I$3:$I$30=I13)*($J$3:$J$30=J13)*($K$3:$K$30=K13)*($L$3:$L$30=L13)*($M$3:$M$30=M13)*($N$3:$N$30=N13)*($O$3:$O$30=O13)*($P$3:$P$30=P13)*($Q$3:$Q$30=Q13)*($R$3:$R$30=R13)*($S$3:$S$30=S13)*($T$3:$T$30=T13)*($U$3:$U$30=U13)*($V$3:$V$30=V13)*($W$3:$W$30=W13)*($X$3:$X$30>X13)),"") -> 0 | AW13: =IF(B13<>"",SUMPRODUCT(($E$3:$E$30=E13)*($F$3:$F$30=F13)*($G$3:$G$30=G13)*($H$3:$H$30=H13)*($I$3:$I$30=I13)*($J$3:$J$30=J13)*($K$3:$K$30=K13)*($L$3:$L$30=L13)*($M$3:$M$30=M13)*($N$3:$N$30=N13)*($O$3:$O$30=O13)*($P$3:$P$30=P13)*($Q$3:$Q$30=Q13)*($R$3:$R$30=R13)*($S$3:$S$30=S13)*($T$3:$T$30=T13)*($U$3:$U$30=U13)*($V$3:$V$30=V13)*($W$3:$W$30=W13)*($X$3:$X$30=X13)*($Y$3:$Y$30>Y13)),"") -> 0 | AX13: =IF(B13<>"",SUMPRODUCT(($E$3:$E$30=E13)*($F$3:$F$30=F13)*($G$3:$G$30=G13)*($H$3:$H$30=H13)*($I$3:$I$30=I13)*($J$3:$J$30=J13)*($K$3:$K$30=K13)*($L$3:$L$30=L13)*($M$3:$M$30=M13)*($N$3:$N$30=N13)*($O$3:$O$30=O13)*($P$3:$P$30=P13)*($Q$3:$Q$30=Q13)*($R$3:$R$30=R13)*($S$3:$S$30=S13)*($T$3:$T$30=T13)*($U$3:$U$30=U13)*($V$3:$V$30=V13)*($W$3:$W$30=W13)*($X$3:$X$30=X13)*($Y$3:$Y$30=Y13)*($Z$3:$Z$30>Z13)),"") -> 0 | AY13: =IF(B13<>"",SUMPRODUCT(($E$3:$E$30=E13)*($F$3:$F$30=F13)*($G$3:$G$30=G13)*($H$3:$H$30=H13)*($I$3:$I$30=I13)*($J$3:$J$30=J13)*($K$3:$K$30=K13)*($L$3:$L$30=L13)*($M$3:$M$30=M13)*($N$3:$N$30=N13)*($O$3:$O$30=O13)*($P$3:$P$30=P13)*($Q$3:$Q$30=Q13)*($R$3:$R$30=R13)*($S$3:$S$30=S13)*($T$3:$T$30=T13)*($U$3:$U$30=U13)*($V$3:$V$30=V13)*($W$3:$W$30=W13)*($X$3:$X$30=X13)*($Y$3:$Y$30=Y13)*($Z$3:$Z$30=Z13)*($AA$3:$AA$30>AA13)),"") -> 0 | AZ13: =IF(B13<>"",SUMPRODUCT(($E$3:$E$30=E13)*($F$3:$F$30=F13)*($G$3:$G$30=G13)*($H$3:$H$30=H13)*($I$3:$I$30=I13)*($J$3:$J$30=J13)*($K$3:$K$30=K13)*($L$3:$L$30=L13)*($M$3:$M$30=M13)*($N$3:$N$30=N13)*($O$3:$O$30=O13)*($P$3:$P$30=P13)*($Q$3:$Q$30=Q13)*($R$3:$R$30=R13)*($S$3:$S$30=S13)*($T$3:$T$30=T13)*($U$3:$U$30=U13)*($V$3:$V$30=V13)*($W$3:$W$30=W13)*($X$3:$X$30=X13)*($Y$3:$Y$30=Y13)*($Z$3:$Z$30=Z13)*($AA$3:$AA$30=AA13)*($AB$3:$AB$30>AB13)),"") -> 0 | BA13: =IF(B13<>"",SUMPRODUCT(($E$3:$E$30=E13)*($F$3:$F$30=F13)*($G$3:$G$30=G13)*($H$3:$H$30=H13)*($I$3:$I$30=I13)*($J$3:$J$30=J13)*($K$3:$K$30=K13)*($L$3:$L$30=L13)*($M$3:$M$30=M13)*($N$3:$N$30=N13)*($O$3:$O$30=O13)*($P$3:$P$30=P13)*($Q$3:$Q$30=Q13)*($R$3:$R$30=R13)*($S$3:$S$30=S13)*($T$3:$T$30=T13)*($U$3:$U$30=U13)*($V$3:$V$30=V13)*($W$3:$W$30=W13)*($X$3:$X$30=X13)*($Y$3:$Y$30=Y13)*($Z$3:$Z$30=Z13)*($AA$3:$AA$30=AA13)*($AB$3:$AB$30=AB13)*($AC$3:$AC$30>AC13)),"") -> 0 | BB13: =IF(B13<>"",SUMPRODUCT(($E$3:$E$30=E13)*($F$3:$F$30=F13)*($G$3:$G$30=G13)*($H$3:$H$30=H13)*($I$3:$I$30=I13)*($J$3:$J$30=J13)*($K$3:$K$30=K13)*($L$3:$L$30=L13)*($M$3:$M$30=M13)*($N$3:$N$30=N13)*($O$3:$O$30=O13)*($P$3:$P$30=P13)*($Q$3:$Q$30=Q13)*($R$3:$R$30=R13)*($S$3:$S$30=S13)*($T$3:$T$30=T13)*($U$3:$U$30=U13)*($V$3:$V$30=V13)*($W$3:$W$30=W13)*($X$3:$X$30=X13)*($Y$3:$Y$30=Y13)*($Z$3:$Z$30=Z13)*($AA$3:$AA$30=AA13)*($AB$3:$AB$30=AB13)*($AC$3:$AC$30=AC13)*($BC$3:$BC$30<BC13)),"") -> 0 | BC13: =IF(B13<>"",'Equipes e Pilotos'!B13,"") -> 11
A14: =IF(B14<>"",RANK(E14,E$3:E$30)+SUM(AD14:BB14),"") -> 11 | B14: =IF('Equipes e Pilotos'!C14<>"",'Equipes e Pilotos'!C14,"") -> Arvid Lindblad | C14: =IF(B14<>"",VLOOKUP(B14,'Equipes e Pilotos'!$C$3:$F$30,3,FALSE),"") -> Inglaterra | D14: =IF(B14<>"",VLOOKUP(B14,'Equipes e Pilotos'!$C$3:$F$30,4,FALSE),"") -> Racing Bulls | E14: =IF(B14<>"",SUMIF(Resultados!C:C,B14,Resultados!F:F),"") -> 38 | F14: =IF(B14<>"",SUMPRODUCT((Resultados!$B$1:$B$602=1)*(Resultados!$C$1:$C$602=B14)*1),"") -> 0 | G14: =IF(B14<>"",SUMPRODUCT((Resultados!$B$1:$B$602=2)*(Resultados!$C$1:$C$602=B14)*1),"") -> 0 | H14: =IF(B14<>"",SUMPRODUCT((Resultados!$B$1:$B$602=3)*(Resultados!$C$1:$C$602=B14)*1),"") -> 0 | I14: =IF(B14<>"",SUMPRODUCT((Resultados!$B$1:$B$602=4)*(Resultados!$C$1:$C$602=B14)*1),"") -> 0 | J14: =IF(B14<>"",SUMPRODUCT((Resultados!$B$1:$B$602=5)*(Resultados!$C$1:$C$602=B14)*1),"") -> 0 | K14: =IF(B14<>"",SUMPRODUCT((Resultados!$B$1:$B$602=6)*(Resultados!$C$1:$C$602=B14)*1),"") -> 1 | L14: =IF(B14<>"",SUMPRODUCT((Resultados!$B$1:$B$602=7)*(Resultados!$C$1:$C$602=B14)*1),"") -> 2 | M14: =IF(B14<>"",SUMPRODUCT((Resultados!$B$1:$B$602=8)*(Resultados!$C$1:$C$602=B14)*1),"") -> 3 | N14: =IF(B14<>"",SUMPRODUCT((Resultados!$B$1:$B$602=9)*(Resultados!$C$1:$C$602=B14)*1),"") -> 3 | O14: =IF(B14<>"",SUMPRODUCT((Resultados!$B$1:$B$602=10)*(Resultados!$C$1:$C$602=B14)*1),"") -> 5 | P14: =IF(B14<>"",SUMPRODUCT((Resultados!$B$1:$B$602=11)*(Resultados!$C$1:$C$602=B14)*1),"") -> 0 | Q14: =IF(B14<>"",SUMPRODUCT((Resultados!$B$1:$B$602=12)*(Resultados!$C$1:$C$602=B14)*1),"") -> 2 | R14: =IF(B14<>"",SUMPRODUCT((Resultados!$B$1:$B$602=13)*(Resultados!$C$1:$C$602=B14)*1),"") -> 0 | S14: =IF(B14<>"",SUMPRODUCT((Resultados!$B$1:$B$602=14)*(Resultados!$C$1:$C$602=B14)*1),"") -> 2 | T14: =IF(B14<>"",SUMPRODUCT((Resultados!$B$1:$B$602=15)*(Resultados!$C$1:$C$602=B14)*1),"") -> 0 | U14: =IF(B14<>"",SUMPRODUCT((Resultados!$B$1:$B$602=16)*(Resultados!$C$1:$C$602=B14)*1),"") -> 0 | V14: =IF(B14<>"",SUMPRODUCT((Resultados!$B$1:$B$602=17)*(Resultados!$C$1:$C$602=B14)*1),"") -> 0 | W14: =IF(B14<>"",SUMPRODUCT((Resultados!$B$1:$B$602=18)*(Resultados!$C$1:$C$602=B14)*1),"") -> 0 | X14: =IF(B14<>"",SUMPRODUCT((Resultados!$B$1:$B$602=19)*(Resultados!$C$1:$C$602=B14)*1),"") -> 0 | Y14: =IF(B14<>"",SUMPRODUCT((Resultados!$B$1:$B$602=20)*(Resultados!$C$1:$C$602=B14)*1),"") -> 0 | Z14: =IF(B14<>"",SUMPRODUCT((Resultados!$B$1:$B$602=21)*(Resultados!$C$1:$C$602=B14)*1),"") -> 1 | AA14: =IF(B14<>"",SUMPRODUCT((Resultados!$B$1:$B$602=22)*(Resultados!$C$1:$C$602=B14)*1),"") -> 2 | AB14: =IF(B14<>"",SUMPRODUCT((Resultados!$B$1:$B$602=23)*(Resultados!$C$1:$C$602=B14)*1),"") -> 0 | AC14: =IF(B14<>"",SUMPRODUCT((Resultados!$B$1:$B$602=24)*(Resultados!$C$1:$C$602=B14)*1),"") -> 0 | AD14: =IF(B14<>"",SUMPRODUCT(($E$3:$E$30=E14)*($F$3:$F$30>F14)),"") -> 0 | AE14: =IF(B14<>"",SUMPRODUCT(($E$3:$E$30=E14)*($F$3:$F$30=F14)*($G$3:$G$30>G14)),"") -> 0 | AF14: =IF(B14<>"",SUMPRODUCT(($E$3:$E$30=E14)*($F$3:$F$30=F14)*($G$3:$G$30=G14)*($H$3:$H$30>H14)),"") -> 0 | AG14: =IF(B14<>"",SUMPRODUCT(($E$3:$E$30=E14)*($F$3:$F$30=F14)*($G$3:$G$30=G14)*($H$3:$H$30=H14)*($I$3:$I$30>I14)),"") -> 0 | AH14: =IF(B14<>"",SUMPRODUCT(($E$3:$E$30=E14)*($F$3:$F$30=F14)*($G$3:$G$30=G14)*($H$3:$H$30=H14)*($I$3:$I$30=I14)*($J$3:$J$30>J14)),"") -> 0 | AI14: =IF(B14<>"",SUMPRODUCT(($E$3:$E$30=E14)*($F$3:$F$30=F14)*($G$3:$G$30=G14)*($H$3:$H$30=H14)*($I$3:$I$30=I14)*($J$3:$J$30=J14)*($K$3:$K$30>K14)),"") -> 0 | AJ14: =IF(B14<>"",SUMPRODUCT(($E$3:$E$30=E14)*($F$3:$F$30=F14)*($G$3:$G$30=G14)*($H$3:$H$30=H14)*($I$3:$I$30=I14)*($J$3:$J$30=J14)*($K$3:$K$30=K14)*($L$3:$L$30>L14)),"") -> 0 | AK14: =IF(B14<>"",SUMPRODUCT(($E$3:$E$30=E14)*($F$3:$F$30=F14)*($G$3:$G$30=G14)*($H$3:$H$30=H14)*($I$3:$I$30=I14)*($J$3:$J$30=J14)*($K$3:$K$30=K14)*($L$3:$L$30=L14)*($M$3:$M$30>M14)),"") -> 0 | AL14: =IF(B14<>"",SUMPRODUCT(($E$3:$E$30=E14)*($F$3:$F$30=F14)*($G$3:$G$30=G14)*($H$3:$H$30=H14)*($I$3:$I$30=I14)*($J$3:$J$30=J14)*($K$3:$K$30=K14)*($L$3:$L$30=L14)*($M$3:$M$30=M14)*($N$3:$N$30>N14)),"") -> 0 | AM14: =IF(B14<>"",SUMPRODUCT(($E$3:$E$30=E14)*($F$3:$F$30=F14)*($G$3:$G$30=G14)*($H$3:$H$30=H14)*($I$3:$I$30=I14)*($J$3:$J$30=J14)*($K$3:$K$30=K14)*($L$3:$L$30=L14)*($M$3:$M$30=M14)*($N$3:$N$30=N14)*($O$3:$O$30>O14)),"") -> 0 | AN14: =IF(B14<>"",SUMPRODUCT(($E$3:$E$30=E14)*($F$3:$F$30=F14)*($G$3:$G$30=G14)*($H$3:$H$30=H14)*($I$3:$I$30=I14)*($J$3:$J$30=J14)*($K$3:$K$30=K14)*($L$3:$L$30=L14)*($M$3:$M$30=M14)*($N$3:$N$30=N14)*($O$3:$O$30=O14)*($P$3:$P$30>P14)),"") -> 0 | AO14: =IF(B14<>"",SUMPRODUCT(($E$3:$E$30=E14)*($F$3:$F$30=F14)*($G$3:$G$30=G14)*($H$3:$H$30=H14)*($I$3:$I$30=I14)*($J$3:$J$30=J14)*($K$3:$K$30=K14)*($L$3:$L$30=L14)*($M$3:$M$30=M14)*($N$3:$N$30=N14)*($O$3:$O$30=O14)*($P$3:$P$30=P14)*($Q$3:$Q$30>Q14)),"") -> 0 | AP14: =IF(B14<>"",SUMPRODUCT(($E$3:$E$30=E14)*($F$3:$F$30=F14)*($G$3:$G$30=G14)*($H$3:$H$30=H14)*($I$3:$I$30=I14)*($J$3:$J$30=J14)*($K$3:$K$30=K14)*($L$3:$L$30=L14)*($M$3:$M$30=M14)*($N$3:$N$30=N14)*($O$3:$O$30=O14)*($P$3:$P$30=P14)*($Q$3:$Q$30=Q14)*($R$3:$R$30>R14)),"") -> 0 | AQ14: =IF(B14<>"",SUMPRODUCT(($E$3:$E$30=E14)*($F$3:$F$30=F14)*($G$3:$G$30=G14)*($H$3:$H$30=H14)*($I$3:$I$30=I14)*($J$3:$J$30=J14)*($K$3:$K$30=K14)*($L$3:$L$30=L14)*($M$3:$M$30=M14)*($N$3:$N$30=N14)*($O$3:$O$30=O14)*($P$3:$P$30=P14)*($Q$3:$Q$30=Q14)*($R$3:$R$30=R14)*($S$3:$S$30>S14)),"") -> 0 | AR14: =IF(B14<>"",SUMPRODUCT(($E$3:$E$30=E14)*($F$3:$F$30=F14)*($G$3:$G$30=G14)*($H$3:$H$30=H14)*($I$3:$I$30=I14)*($J$3:$J$30=J14)*($K$3:$K$30=K14)*($L$3:$L$30=L14)*($M$3:$M$30=M14)*($N$3:$N$30=N14)*($O$3:$O$30=O14)*($P$3:$P$30=P14)*($Q$3:$Q$30=Q14)*($R$3:$R$30=R14)*($S$3:$S$30=S14)*($T$3:$T$30>T14)),"") -> 0 | AS14: =IF(B14<>"",SUMPRODUCT(($E$3:$E$30=E14)*($F$3:$F$30=F14)*($G$3:$G$30=G14)*($H$3:$H$30=H14)*($I$3:$I$30=I14)*($J$3:$J$30=J14)*($K$3:$K$30=K14)*($L$3:$L$30=L14)*($M$3:$M$30=M14)*($N$3:$N$30=N14)*($O$3:$O$30=O14)*($P$3:$P$30=P14)*($Q$3:$Q$30=Q14)*($R$3:$R$30=R14)*($S$3:$S$30=S14)*($T$3:$T$30=T14)*($U$3:$U$30>U14)),"") -> 0 | AT14: =IF(B14<>"",SUMPRODUCT(($E$3:$E$30=E14)*($F$3:$F$30=F14)*($G$3:$G$30=G14)*($H$3:$H$30=H14)*($I$3:$I$30=I14)*($J$3:$J$30=J14)*($K$3:$K$30=K14)*($L$3:$L$30=L14)*($M$3:$M$30=M14)*($N$3:$N$30=N14)*($O$3:$O$30=O14)*($P$3:$P$30=P14)*($Q$3:$Q$30=Q14)*($R$3:$R$30=R14)*($S$3:$S$30=S14)*($T$3:$T$30=T14)*($U$3:$U$30=U14)*($V$3:$V$30>V14)),"") -> 0 | AU14: =IF(B14<>"",SUMPRODUCT(($E$3:$E$30=E14)*($F$3:$F$30=F14)*($G$3:$G$30=G14)*($H$3:$H$30=H14)*($I$3:$I$30=I14)*($J$3:$J$30=J14)*($K$3:$K$30=K14)*($L$3:$L$30=L14)*($M$3:$M$30=M14)*($N$3:$N$30=N14)*($O$3:$O$30=O14)*($P$3:$P$30=P14)*($Q$3:$Q$30=Q14)*($R$3:$R$30=R14)*($S$3:$S$30=S14)*($T$3:$T$30=T14)*($U$3:$U$30=U14)*($V$3:$V$30=V14)*($W$3:$W$30>W14)),"") -> 0 | AV14: =IF(B14<>"",SUMPRODUCT(($E$3:$E$30=E14)*($F$3:$F$30=F14)*($G$3:$G$30=G14)*($H$3:$H$30=H14)*($I$3:$I$30=I14)*($J$3:$J$30=J14)*($K$3:$K$30=K14)*($L$3:$L$30=L14)*($M$3:$M$30=M14)*($N$3:$N$30=N14)*($O$3:$O$30=O14)*($P$3:$P$30=P14)*($Q$3:$Q$30=Q14)*($R$3:$R$30=R14)*($S$3:$S$30=S14)*($T$3:$T$30=T14)*($U$3:$U$30=U14)*($V$3:$V$30=V14)*($W$3:$W$30=W14)*($X$3:$X$30>X14)),"") -> 0 | AW14: =IF(B14<>"",SUMPRODUCT(($E$3:$E$30=E14)*($F$3:$F$30=F14)*($G$3:$G$30=G14)*($H$3:$H$30=H14)*($I$3:$I$30=I14)*($J$3:$J$30=J14)*($K$3:$K$30=K14)*($L$3:$L$30=L14)*($M$3:$M$30=M14)*($N$3:$N$30=N14)*($O$3:$O$30=O14)*($P$3:$P$30=P14)*($Q$3:$Q$30=Q14)*($R$3:$R$30=R14)*($S$3:$S$30=S14)*($T$3:$T$30=T14)*($U$3:$U$30=U14)*($V$3:$V$30=V14)*($W$3:$W$30=W14)*($X$3:$X$30=X14)*($Y$3:$Y$30>Y14)),"") -> 0 | AX14: =IF(B14<>"",SUMPRODUCT(($E$3:$E$30=E14)*($F$3:$F$30=F14)*($G$3:$G$30=G14)*($H$3:$H$30=H14)*($I$3:$I$30=I14)*($J$3:$J$30=J14)*($K$3:$K$30=K14)*($L$3:$L$30=L14)*($M$3:$M$30=M14)*($N$3:$N$30=N14)*($O$3:$O$30=O14)*($P$3:$P$30=P14)*($Q$3:$Q$30=Q14)*($R$3:$R$30=R14)*($S$3:$S$30=S14)*($T$3:$T$30=T14)*($U$3:$U$30=U14)*($V$3:$V$30=V14)*($W$3:$W$30=W14)*($X$3:$X$30=X14)*($Y$3:$Y$30=Y14)*($Z$3:$Z$30>Z14)),"") -> 0 | AY14: =IF(B14<>"",SUMPRODUCT(($E$3:$E$30=E14)*($F$3:$F$30=F14)*($G$3:$G$30=G14)*($H$3:$H$30=H14)*($I$3:$I$30=I14)*($J$3:$J$30=J14)*($K$3:$K$30=K14)*($L$3:$L$30=L14)*($M$3:$M$30=M14)*($N$3:$N$30=N14)*($O$3:$O$30=O14)*($P$3:$P$30=P14)*($Q$3:$Q$30=Q14)*($R$3:$R$30=R14)*($S$3:$S$30=S14)*($T$3:$T$30=T14)*($U$3:$U$30=U14)*($V$3:$V$30=V14)*($W$3:$W$30=W14)*($X$3:$X$30=X14)*($Y$3:$Y$30=Y14)*($Z$3:$Z$30=Z14)*($AA$3:$AA$30>AA14)),"") -> 0 | AZ14: =IF(B14<>"",SUMPRODUCT(($E$3:$E$30=E14)*($F$3:$F$30=F14)*($G$3:$G$30=G14)*($H$3:$H$30=H14)*($I$3:$I$30=I14)*($J$3:$J$30=J14)*($K$3:$K$30=K14)*($L$3:$L$30=L14)*($M$3:$M$30=M14)*($N$3:$N$30=N14)*($O$3:$O$30=O14)*($P$3:$P$30=P14)*($Q$3:$Q$30=Q14)*($R$3:$R$30=R14)*($S$3:$S$30=S14)*($T$3:$T$30=T14)*($U$3:$U$30=U14)*($V$3:$V$30=V14)*($W$3:$W$30=W14)*($X$3:$X$30=X14)*($Y$3:$Y$30=Y14)*($Z$3:$Z$30=Z14)*($AA$3:$AA$30=AA14)*($AB$3:$AB$30>AB14)),"") -> 0 | BA14: =IF(B14<>"",SUMPRODUCT(($E$3:$E$30=E14)*($F$3:$F$30=F14)*($G$3:$G$30=G14)*($H$3:$H$30=H14)*($I$3:$I$30=I14)*($J$3:$J$30=J14)*($K$3:$K$30=K14)*($L$3:$L$30=L14)*($M$3:$M$30=M14)*($N$3:$N$30=N14)*($O$3:$O$30=O14)*($P$3:$P$30=P14)*($Q$3:$Q$30=Q14)*($R$3:$R$30=R14)*($S$3:$S$30=S14)*($T$3:$T$30=T14)*($U$3:$U$30=U14)*($V$3:$V$30=V14)*($W$3:$W$30=W14)*($X$3:$X$30=X14)*($Y$3:$Y$30=Y14)*($Z$3:$Z$30=Z14)*($AA$3:$AA$30=AA14)*($AB$3:$AB$30=AB14)*($AC$3:$AC$30>AC14)),"") -> 0 | BB14: =IF(B14<>"",SUMPRODUCT(($E$3:$E$30=E14)*($F$3:$F$30=F14)*($G$3:$G$30=G14)*($H$3:$H$30=H14)*($I$3:$I$30=I14)*($J$3:$J$30=J14)*($K$3:$K$30=K14)*($L$3:$L$30=L14)*($M$3:$M$30=M14)*($N$3:$N$30=N14)*($O$3:$O$30=O14)*($P$3:$P$30=P14)*($Q$3:$Q$30=Q14)*($R$3:$R$30=R14)*($S$3:$S$30=S14)*($T$3:$T$30=T14)*($U$3:$U$30=U14)*($V$3:$V$30=V14)*($W$3:$W$30=W14)*($X$3:$X$30=X14)*($Y$3:$Y$30=Y14)*($Z$3:$Z$30=Z14)*($AA$3:$AA$30=AA14)*($AB$3:$AB$30=AB14)*($AC$3:$AC$30=AC14)*($BC$3:$BC$30<BC14)),"") -> 0 | BC14: =IF(B14<>"",'Equipes e Pilotos'!B14,"") -> 12
... A30: =IF(B30<>"",RANK(E30,E$3:E$30)+SUM(AD30:BB30),"") | B30: =IF('Equipes e Pilotos'!C30<>"",'Equipes e Pilotos'!C30,"") | C30: =IF(B30<>"",VLOOKUP(B30,'Equipes e Pilotos'!$C$3:$F$30,3,FALSE),"") | D30: =IF(B30<>"",VLOOKUP(B30,'Equipes e Pilotos'!$C$3:$F$30,4,FALSE),"") | E30: =IF(B30<>"",SUMIF(Resultados!C:C,B30,Resultados!F:F),"") | F30: =IF(B30<>"",SUMPRODUCT((Resultados!$B$1:$B$602=1)*(Resultados!$C$1:$C$602=B30)*1),"") | G30: =IF(B30<>"",SUMPRODUCT((Resultados!$B$1:$B$602=2)*(Resultados!$C$1:$C$602=B30)*1),"") | H30: =IF(B30<>"",SUMPRODUCT((Resultados!$B$1:$B$602=3)*(Resultados!$C$1:$C$602=B30)*1),"") | I30: =IF(B30<>"",SUMPRODUCT((Resultados!$B$1:$B$602=4)*(Resultados!$C$1:$C$602=B30)*1),"") | J30: =IF(B30<>"",SUMPRODUCT((Resultados!$B$1:$B$602=5)*(Resultados!$C$1:$C$602=B30)*1),"") | K30: =IF(B30<>"",SUMPRODUCT((Resultados!$B$1:$B$602=6)*(Resultados!$C$1:$C$602=B30)*1),"") | L30: =IF(B30<>"",SUMPRODUCT((Resultados!$B$1:$B$602=7)*(Resultados!$C$1:$C$602=B30)*1),"") | M30: =IF(B30<>"",SUMPRODUCT((Resultados!$B$1:$B$602=8)*(Resultados!$C$1:$C$602=B30)*1),"") | N30: =IF(B30<>"",SUMPRODUCT((Resultados!$B$1:$B$602=9)*(Resultados!$C$1:$C$602=B30)*1),"") | O30: =IF(B30<>"",SUMPRODUCT((Resultados!$B$1:$B$602=10)*(Resultados!$C$1:$C$602=B30)*1),"") | P30: =IF(B30<>"",SUMPRODUCT((Resultados!$B$1:$B$602=11)*(Resultados!$C$1:$C$602=B30)*1),"") | Q30: =IF(B30<>"",SUMPRODUCT((Resultados!$B$1:$B$602=12)*(Resultados!$C$1:$C$602=B30)*1),"") | R30: =IF(B30<>"",SUMPRODUCT((Resultados!$B$1:$B$602=13)*(Resultados!$C$1:$C$602=B30)*1),"") | S30: =IF(B30<>"",SUMPRODUCT((Resultados!$B$1:$B$602=14)*(Resultados!$C$1:$C$602=B30)*1),"") | T30: =IF(B30<>"",SUMPRODUCT((Resultados!$B$1:$B$602=15)*(Resultados!$C$1:$C$602=B30)*1),"") | U30: =IF(B30<>"",SUMPRODUCT((Resultados!$B$1:$B$602=16)*(Resultados!$C$1:$C$602=B30)*1),"") | V30: =IF(B30<>"",SUMPRODUCT((Resultados!$B$1:$B$602=17)*(Resultados!$C$1:$C$602=B30)*1),"") | W30: =IF(B30<>"",SUMPRODUCT((Resultados!$B$1:$B$602=18)*(Resultados!$C$1:$C$602=B30)*1),"") | X30: =IF(B30<>"",SUMPRODUCT((Resultados!$B$1:$B$602=19)*(Resultados!$C$1:$C$602=B30)*1),"") | Y30: =IF(B30<>"",SUMPRODUCT((Resultados!$B$1:$B$602=20)*(Resultados!$C$1:$C$602=B30)*1),"") | Z30: =IF(B30<>"",SUMPRODUCT((Resultados!$B$1:$B$602=21)*(Resultados!$C$1:$C$602=B30)*1),"") | AA30: =IF(B30<>"",SUMPRODUCT((Resultados!$B$1:$B$602=22)*(Resultados!$C$1:$C$602=B30)*1),"") | AB30: =IF(B30<>"",SUMPRODUCT((Resultados!$B$1:$B$602=23)*(Resultados!$C$1:$C$602=B30)*1),"") | AC30: =IF(B30<>"",SUMPRODUCT((Resultados!$B$1:$B$602=24)*(Resultados!$C$1:$C$602=B30)*1),"") | AD30: =IF(B30<>"",SUMPRODUCT(($E$3:$E$30=E30)*($F$3:$F$30>F30)),"") | AE30: =IF(B30<>"",SUMPRODUCT(($E$3:$E$30=E30)*($F$3:$F$30=F30)*($G$3:$G$30>G30)),"") | AF30: =IF(B30<>"",SUMPRODUCT(($E$3:$E$30=E30)*($F$3:$F$30=F30)*($G$3:$G$30=G30)*($H$3:$H$30>H30)),"") | AG30: =IF(B30<>"",SUMPRODUCT(($E$3:$E$30=E30)*($F$3:$F$30=F30)*($G$3:$G$30=G30)*($H$3:$H$30=H30)*($I$3:$I$30>I30)),"") | AH30: =IF(B30<>"",SUMPRODUCT(($E$3:$E$30=E30)*($F$3:$F$30=F30)*($G$3:$G$30=G30)*($H$3:$H$30=H30)*($I$3:$I$30=I30)*($J$3:$J$30>J30)),"") | AI30: =IF(B30<>"",SUMPRODUCT(($E$3:$E$30=E30)*($F$3:$F$30=F30)*($G$3:$G$30=G30)*($H$3:$H$30=H30)*($I$3:$I$30=I30)*($J$3:$J$30=J30)*($K$3:$K$30>K30)),"") | AJ30: =IF(B30<>"",SUMPRODUCT(($E$3:$E$30=E30)*($F$3:$F$30=F30)*($G$3:$G$30=G30)*($H$3:$H$30=H30)*($I$3:$I$30=I30)*($J$3:$J$30=J30)*($K$3:$K$30=K30)*($L$3:$L$30>L30)),"") | AK30: =IF(B30<>"",SUMPRODUCT(($E$3:$E$30=E30)*($F$3:$F$30=F30)*($G$3:$G$30=G30)*($H$3:$H$30=H30)*($I$3:$I$30=I30)*($J$3:$J$30=J30)*($K$3:$K$30=K30)*($L$3:$L$30=L30)*($M$3:$M$30>M30)),"") | AL30: =IF(B30<>"",SUMPRODUCT(($E$3:$E$30=E30)*($F$3:$F$30=F30)*($G$3:$G$30=G30)*($H$3:$H$30=H30)*($I$3:$I$30=I30)*($J$3:$J$30=J30)*($K$3:$K$30=K30)*($L$3:$L$30=L30)*($M$3:$M$30=M30)*($N$3:$N$30>N30)),"") | AM30: =IF(B30<>"",SUMPRODUCT(($E$3:$E$30=E30)*($F$3:$F$30=F30)*($G$3:$G$30=G30)*($H$3:$H$30=H30)*($I$3:$I$30=I30)*($J$3:$J$30=J30)*($K$3:$K$30=K30)*($L$3:$L$30=L30)*($M$3:$M$30=M30)*($N$3:$N$30=N30)*($O$3:$O$30>O30)),"") | AN30: =IF(B30<>"",SUMPRODUCT(($E$3:$E$30=E30)*($F$3:$F$30=F30)*($G$3:$G$30=G30)*($H$3:$H$30=H30)*($I$3:$I$30=I30)*($J$3:$J$30=J30)*($K$3:$K$30=K30)*($L$3:$L$30=L30)*($M$3:$M$30=M30)*($N$3:$N$30=N30)*($O$3:$O$30=O30)*($P$3:$P$30>P30)),"") | AO30: =IF(B30<>"",SUMPRODUCT(($E$3:$E$30=E30)*($F$3:$F$30=F30)*($G$3:$G$30=G30)*($H$3:$H$30=H30)*($I$3:$I$30=I30)*($J$3:$J$30=J30)*($K$3:$K$30=K30)*($L$3:$L$30=L30)*($M$3:$M$30=M30)*($N$3:$N$30=N30)*($O$3:$O$30=O30)*($P$3:$P$30=P30)*($Q$3:$Q$30>Q30)),"") | AP30: =IF(B30<>"",SUMPRODUCT(($E$3:$E$30=E30)*($F$3:$F$30=F30)*($G$3:$G$30=G30)*($H$3:$H$30=H30)*($I$3:$I$30=I30)*($J$3:$J$30=J30)*($K$3:$K$30=K30)*($L$3:$L$30=L30)*($M$3:$M$30=M30)*($N$3:$N$30=N30)*($O$3:$O$30=O30)*($P$3:$P$30=P30)*($Q$3:$Q$30=Q30)*($R$3:$R$30>R30)),"") | AQ30: =IF(B30<>"",SUMPRODUCT(($E$3:$E$30=E30)*($F$3:$F$30=F30)*($G$3:$G$30=G30)*($H$3:$H$30=H30)*($I$3:$I$30=I30)*($J$3:$J$30=J30)*($K$3:$K$30=K30)*($L$3:$L$30=L30)*($M$3:$M$30=M30)*($N$3:$N$30=N30)*($O$3:$O$30=O30)*($P$3:$P$30=P30)*($Q$3:$Q$30=Q30)*($R$3:$R$30=R30)*($S$3:$S$30>S30)),"") | AR30: =IF(B30<>"",SUMPRODUCT(($E$3:$E$30=E30)*($F$3:$F$30=F30)*($G$3:$G$30=G30)*($H$3:$H$30=H30)*($I$3:$I$30=I30)*($J$3:$J$30=J30)*($K$3:$K$30=K30)*($L$3:$L$30=L30)*($M$3:$M$30=M30)*($N$3:$N$30=N30)*($O$3:$O$30=O30)*($P$3:$P$30=P30)*($Q$3:$Q$30=Q30)*($R$3:$R$30=R30)*($S$3:$S$30=S30)*($T$3:$T$30>T30)),"") | AS30: =IF(B30<>"",SUMPRODUCT(($E$3:$E$30=E30)*($F$3:$F$30=F30)*($G$3:$G$30=G30)*($H$3:$H$30=H30)*($I$3:$I$30=I30)*($J$3:$J$30=J30)*($K$3:$K$30=K30)*($L$3:$L$30=L30)*($M$3:$M$30=M30)*($N$3:$N$30=N30)*($O$3:$O$30=O30)*($P$3:$P$30=P30)*($Q$3:$Q$30=Q30)*($R$3:$R$30=R30)*($S$3:$S$30=S30)*($T$3:$T$30=T30)*($U$3:$U$30>U30)),"") | AT30: =IF(B30<>"",SUMPRODUCT(($E$3:$E$30=E30)*($F$3:$F$30=F30)*($G$3:$G$30=G30)*($H$3:$H$30=H30)*($I$3:$I$30=I30)*($J$3:$J$30=J30)*($K$3:$K$30=K30)*($L$3:$L$30=L30)*($M$3:$M$30=M30)*($N$3:$N$30=N30)*($O$3:$O$30=O30)*($P$3:$P$30=P30)*($Q$3:$Q$30=Q30)*($R$3:$R$30=R30)*($S$3:$S$30=S30)*($T$3:$T$30=T30)*($U$3:$U$30=U30)*($V$3:$V$30>V30)),"") | AU30: =IF(B30<>"",SUMPRODUCT(($E$3:$E$30=E30)*($F$3:$F$30=F30)*($G$3:$G$30=G30)*($H$3:$H$30=H30)*($I$3:$I$30=I30)*($J$3:$J$30=J30)*($K$3:$K$30=K30)*($L$3:$L$30=L30)*($M$3:$M$30=M30)*($N$3:$N$30=N30)*($O$3:$O$30=O30)*($P$3:$P$30=P30)*($Q$3:$Q$30=Q30)*($R$3:$R$30=R30)*($S$3:$S$30=S30)*($T$3:$T$30=T30)*($U$3:$U$30=U30)*($V$3:$V$30=V30)*($W$3:$W$30>W30)),"") | AV30: =IF(B30<>"",SUMPRODUCT(($E$3:$E$30=E30)*($F$3:$F$30=F30)*($G$3:$G$30=G30)*($H$3:$H$30=H30)*($I$3:$I$30=I30)*($J$3:$J$30=J30)*($K$3:$K$30=K30)*($L$3:$L$30=L30)*($M$3:$M$30=M30)*($N$3:$N$30=N30)*($O$3:$O$30=O30)*($P$3:$P$30=P30)*($Q$3:$Q$30=Q30)*($R$3:$R$30=R30)*($S$3:$S$30=S30)*($T$3:$T$30=T30)*($U$3:$U$30=U30)*($V$3:$V$30=V30)*($W$3:$W$30=W30)*($X$3:$X$30>X30)),"") | AW30: =IF(B30<>"",SUMPRODUCT(($E$3:$E$30=E30)*($F$3:$F$30=F30)*($G$3:$G$30=G30)*($H$3:$H$30=H30)*($I$3:$I$30=I30)*($J$3:$J$30=J30)*($K$3:$K$30=K30)*($L$3:$L$30=L30)*($M$3:$M$30=M30)*($N$3:$N$30=N30)*($O$3:$O$30=O30)*($P$3:$P$30=P30)*($Q$3:$Q$30=Q30)*($R$3:$R$30=R30)*($S$3:$S$30=S30)*($T$3:$T$30=T30)*($U$3:$U$30=U30)*($V$3:$V$30=V30)*($W$3:$W$30=W30)*($X$3:$X$30=X30)*($Y$3:$Y$30>Y30)),"") | AX30: =IF(B30<>"",SUMPRODUCT(($E$3:$E$30=E30)*($F$3:$F$30=F30)*($G$3:$G$30=G30)*($H$3:$H$30=H30)*($I$3:$I$30=I30)*($J$3:$J$30=J30)*($K$3:$K$30=K30)*($L$3:$L$30=L30)*($M$3:$M$30=M30)*($N$3:$N$30=N30)*($O$3:$O$30=O30)*($P$3:$P$30=P30)*($Q$3:$Q$30=Q30)*($R$3:$R$30=R30)*($S$3:$S$30=S30)*($T$3:$T$30=T30)*($U$3:$U$30=U30)*($V$3:$V$30=V30)*($W$3:$W$30=W30)*($X$3:$X$30=X30)*($Y$3:$Y$30=Y30)*($Z$3:$Z$30>Z30)),"") | AY30: =IF(B30<>"",SUMPRODUCT(($E$3:$E$30=E30)*($F$3:$F$30=F30)*($G$3:$G$30=G30)*($H$3:$H$30=H30)*($I$3:$I$30=I30)*($J$3:$J$30=J30)*($K$3:$K$30=K30)*($L$3:$L$30=L30)*($M$3:$M$30=M30)*($N$3:$N$30=N30)*($O$3:$O$30=O30)*($P$3:$P$30=P30)*($Q$3:$Q$30=Q30)*($R$3:$R$30=R30)*($S$3:$S$30=S30)*($T$3:$T$30=T30)*($U$3:$U$30=U30)*($V$3:$V$30=V30)*($W$3:$W$30=W30)*($X$3:$X$30=X30)*($Y$3:$Y$30=Y30)*($Z$3:$Z$30=Z30)*($AA$3:$AA$30>AA30)),"") | AZ30: =IF(B30<>"",SUMPRODUCT(($E$3:$E$30=E30)*($F$3:$F$30=F30)*($G$3:$G$30=G30)*($H$3:$H$30=H30)*($I$3:$I$30=I30)*($J$3:$J$30=J30)*($K$3:$K$30=K30)*($L$3:$L$30=L30)*($M$3:$M$30=M30)*($N$3:$N$30=N30)*($O$3:$O$30=O30)*($P$3:$P$30=P30)*($Q$3:$Q$30=Q30)*($R$3:$R$30=R30)*($S$3:$S$30=S30)*($T$3:$T$30=T30)*($U$3:$U$30=U30)*($V$3:$V$30=V30)*($W$3:$W$30=W30)*($X$3:$X$30=X30)*($Y$3:$Y$30=Y30)*($Z$3:$Z$30=Z30)*($AA$3:$AA$30=AA30)*($AB$3:$AB$30>AB30)),"") | BA30: =IF(B30<>"",SUMPRODUCT(($E$3:$E$30=E30)*($F$3:$F$30=F30)*($G$3:$G$30=G30)*($H$3:$H$30=H30)*($I$3:$I$30=I30)*($J$3:$J$30=J30)*($K$3:$K$30=K30)*($L$3:$L$30=L30)*($M$3:$M$30=M30)*($N$3:$N$30=N30)*($O$3:$O$30=O30)*($P$3:$P$30=P30)*($Q$3:$Q$30=Q30)*($R$3:$R$30=R30)*($S$3:$S$30=S30)*($T$3:$T$30=T30)*($U$3:$U$30=U30)*($V$3:$V$30=V30)*($W$3:$W$30=W30)*($X$3:$X$30=X30)*($Y$3:$Y$30=Y30)*($Z$3:$Z$30=Z30)*($AA$3:$AA$30=AA30)*($AB$3:$AB$30=AB30)*($AC$3:$AC$30>AC30)),"") | BB30: =IF(B30<>"",SUMPRODUCT(($E$3:$E$30=E30)*($F$3:$F$30=F30)*($G$3:$G$30=G30)*($H$3:$H$30=H30)*($I$3:$I$30=I30)*($J$3:$J$30=J30)*($K$3:$K$30=K30)*($L$3:$L$30=L30)*($M$3:$M$30=M30)*($N$3:$N$30=N30)*($O$3:$O$30=O30)*($P$3:$P$30=P30)*($Q$3:$Q$30=Q30)*($R$3:$R$30=R30)*($S$3:$S$30=S30)*($T$3:$T$30=T30)*($U$3:$U$30=U30)*($V$3:$V$30=V30)*($W$3:$W$30=W30)*($X$3:$X$30=X30)*($Y$3:$Y$30=Y30)*($Z$3:$Z$30=Z30)*($AA$3:$AA$30=AA30)*($AB$3:$AB$30=AB30)*($AC$3:$AC$30=AC30)*($BC$3:$BC$30<BC30)),"") | BC30: =IF(B30<>"",'Equipes e Pilotos'!B30,"")
A34: Rank | B34: Team | C34: Nationality | D34: Motor | E34: Point | F34: 1 | G34: 2 | H34: 3 | I34: 4 | J34: 5 | K34: 6 | L34: 7 | M34: 8 | N34: 9 | O34: 10 | P34: 11 | Q34: 12 | R34: 13 | S34: 14 | T34: 15 | U34: 16 | V34: 17 | W34: 18 | X34: 19 | Y34: 20 | Z34: 21 | AA34: 22 | AB34: 23 | AC34: 24 | AD34: p1 | AE34: p2 | AF34: p3 | AG34: p4 | AH34: p5 | AI34: p6 | AJ34: p7 | AK34: p8 | AL34: p9 | AM34: p10 | AN34: p11 | AO34: p12 | AP34: p13 | AQ34: p14 | AR34: p15 | AS34: p16 | AT34: p17 | AU34: p18 | AV34: p19 | AW34: p20 | AX34: p21 | AY34: p22 | AZ34: p23 | BA34: p24 | BB34: Number | BC34: Number
A35: =IF(B35<>"",RANK(E35,E$35:E$47)+SUM(AD35:BB35),"") -> 3 | B35: =IF('Equipes e Pilotos'!I3<>"",'Equipes e Pilotos'!I3,"") -> McLaren | C35: =IF(B35<>"",VLOOKUP(B35,'Equipes e Pilotos'!$I$3:$K$15,2,FALSE),"") -> Inglaterra | D35: =IF(B35<>"",VLOOKUP(B35,'Equipes e Pilotos'!$I$3:$K$15,3,FALSE),"") -> Mercedes | E35: =IF(B35<>"",SUMIF(Resultados!E:E,B35,Resultados!F:F),"") -> 339 | F35: =IF(B35<>"",SUMPRODUCT((Resultados!$B$1:$B$602=1)*(Resultados!$E$1:$E$602=B35)*1),"") -> 3 | G35: =IF(B35<>"",SUMPRODUCT((Resultados!$B$1:$B$602=2)*(Resultados!$E$1:$E$602=B35)*1),"") -> 4 | H35: =IF(B35<>"",SUMPRODUCT((Resultados!$B$1:$B$602=3)*(Resultados!$E$1:$E$602=B35)*1),"") -> 5 | I35: =IF(B35<>"",SUMPRODUCT((Resultados!$B$1:$B$602=4)*(Resultados!$E$1:$E$602=B35)*1),"") -> 6 | J35: =IF(B35<>"",SUMPRODUCT((Resultados!$B$1:$B$602=5)*(Resultados!$E$1:$E$602=B35)*1),"") -> 6 | K35: =IF(B35<>"",SUMPRODUCT((Resultados!$B$1:$B$602=6)*(Resultados!$E$1:$E$602=B35)*1),"") -> 3 | L35: =IF(B35<>"",SUMPRODUCT((Resultados!$B$1:$B$602=7)*(Resultados!$E$1:$E$602=B35)*1),"") -> 3 | M35: =IF(B35<>"",SUMPRODUCT((Resultados!$B$1:$B$602=8)*(Resultados!$E$1:$E$602=B35)*1),"") -> 1 | N35: =IF(B35<>"",SUMPRODUCT((Resultados!$B$1:$B$602=9)*(Resultados!$E$1:$E$602=B35)*1),"") -> 1 | O35: =IF(B35<>"",SUMPRODUCT((Resultados!$B$1:$B$602=10)*(Resultados!$E$1:$E$602=B35)*1),"") -> 0 | P35: =IF(B35<>"",SUMPRODUCT((Resultados!$B$1:$B$602=11)*(Resultados!$E$1:$E$602=B35)*1),"") -> 2 | Q35: =IF(B35<>"",SUMPRODUCT((Resultados!$B$1:$B$602=12)*(Resultados!$E$1:$E$602=B35)*1),"") -> 0 | R35: =IF(B35<>"",SUMPRODUCT((Resultados!$B$1:$B$602=13)*(Resultados!$E$1:$ED$602=B35)*1),"") -> 3 | S35: =IF(B35<>"",SUMPRODUCT((Resultados!$B$1:$B$602=14)*(Resultados!$E$1:$E$602=B35)*1),"") -> 0 | T35: =IF(B35<>"",SUMPRODUCT((Resultados!$B$1:$B$602=15)*(Resultados!$E$1:$E$602=B35)*1),"") -> 0 | U35: =IF(B35<>"",SUMPRODUCT((Resultados!$B$1:$B$602=16)*(Resultados!$E$1:$E$602=B35)*1),"") -> 0 | V35: =IF(B35<>"",SUMPRODUCT((Resultados!$B$1:$B$602=17)*(Resultados!$E$1:$E$602=B35)*1),"") -> 0 | W35: =IF(B35<>"",SUMPRODUCT((Resultados!$B$1:$B$602=18)*(Resultados!$E$1:$E$602=B35)*1),"") -> 1 | X35: =IF(B35<>"",SUMPRODUCT((Resultados!$B$1:$B$602=19)*(Resultados!$E$1:$E$602=B35)*1),"") -> 3 | Y35: =IF(B35<>"",SUMPRODUCT((Resultados!$B$1:$B$602=20)*(Resultados!$E$1:$E$602=B35)*1),"") -> 2 | Z35: =IF(B35<>"",SUMPRODUCT((Resultados!$B$1:$B$602=21)*(Resultados!$E$1:$E$602=B35)*1),"") -> 1 | AA35: =IF(B35<>"",SUMPRODUCT((Resultados!$B$1:$B$602=22)*(Resultados!$E$1:$E$602=B35)*1),"") -> 0 | AB35: =IF(B35<>"",SUMPRODUCT((Resultados!$B$1:$B$602=23)*(Resultados!$E$1:$E$602=B35)*1),"") -> 0 | AC35: =IF(B35<>"",SUMPRODUCT((Resultados!$B$1:$B$602=24)*(Resultados!$E$1:$E$602=B35)*1),"") -> 0 | AD35: =IF(B35<>"",SUMPRODUCT(($E$35:$E$47=E35)*($F$35:$F$47>F35)),"") -> 0 | AE35: =IF(B35<>"",SUMPRODUCT(($E$35:$E$47=E35)*($F$35:$F$47=F35)*($G$35:$G$47>G35)),"") -> 0 | AF35: =IF(B35<>"",SUMPRODUCT(($E$35:$E$47=E35)*($F$35:$F$47=F35)*($G$35:$G$47=G35)*($H$35:$H$47>H35)),"") -> 0 | AG35: =IF(B35<>"",SUMPRODUCT(($E$35:$E$47=E35)*($F$35:$F$47=F35)*($G$35:$G$47=G35)*($H$35:$H$47=H35)*($I$35:$I$47>I35)),"") -> 0 | AH35: =IF(B35<>"",SUMPRODUCT(($E$35:$E$47=E35)*($F$35:$F$47=F35)*($G$35:$G$47=G35)*($H$35:$H$47=H35)*($I$35:$I$47=I35)*($J$35:$J$47>J35)),"") -> 0 | AI35: =IF(B35<>"",SUMPRODUCT(($E$35:$E$47=E35)*($F$35:$F$47=F35)*($G$35:$G$47=G35)*($H$35:$H$47=H35)*($I$35:$I$47=I35)*($J$35:$J$47=J35)*($K$35:$K$47>K35)),"") -> 0 | AJ35: =IF(B35<>"",SUMPRODUCT(($E$35:$E$47=E35)*($F$35:$F$47=F35)*($G$35:$G$47=G35)*($H$35:$H$47=H35)*($I$35:$I$47=I35)*($J$35:$J$47=J35)*($K$35:$K$47=K35)*($L$35:$L$47>L35)),"") -> 0 | AK35: =IF(B35<>"",SUMPRODUCT(($E$35:$E$47=E35)*($F$35:$F$47=F35)*($G$35:$G$47=G35)*($H$35:$H$47=H35)*($I$35:$I$47=I35)*($J$35:$J$47=J35)*($K$35:$K$47=K35)*($L$35:$L$47=L35)*($M$35:$M$47>M35)),"") -> 0 | AL35: =IF(B35<>"",SUMPRODUCT(($E$35:$E$47=E35)*($F$35:$F$47=F35)*($G$35:$G$47=G35)*($H$35:$H$47=H35)*($I$35:$I$47=I35)*($J$35:$J$47=J35)*($K$35:$K$47=K35)*($L$35:$L$47=L35)*($M$35:$M$47=M35)*($N$35:$N$47>N35)),"") -> 0 | AM35: =IF(B35<>"",SUMPRODUCT(($E$35:$E$47=E35)*($F$35:$F$47=F35)*($G$35:$G$47=G35)*($H$35:$H$47=H35)*($I$35:$I$47=I35)*($J$35:$J$47=J35)*($K$35:$K$47=K35)*($L$35:$L$47=L35)*($M$35:$M$47=M35)*($N$35:$N$47=N35)*($O$35:$O$47>O35)),"") -> 0 | AN35: =IF(B35<>"",SUMPRODUCT(($E$35:$E$47=E35)*($F$35:$F$47=F35)*($G$35:$G$47=G35)*($H$35:$H$47=H35)*($I$35:$I$47=I35)*($J$35:$J$47=J35)*($K$35:$K$47=K35)*($L$35:$L$47=L35)*($M$35:$M$47=M35)*($N$35:$N$47=N35)*($O$35:$O$47=O35)*($P$35:$P$47>P35)),"") -> 0 | AO35: =IF(B35<>"",SUMPRODUCT(($E$35:$E$47=E35)*($F$35:$F$47=F35)*($G$35:$G$47=G35)*($H$35:$H$47=H35)*($I$35:$I$47=I35)*($J$35:$J$47=J35)*($K$35:$K$47=K35)*($L$35:$L$47=L35)*($M$35:$M$47=M35)*($N$35:$N$47=N35)*($O$35:$O$47=O35)*($P$35:$P$47=P35)*($Q$35:$Q$47>Q35)),"") -> 0 | AP35: =IF(B35<>"",SUMPRODUCT(($E$35:$E$47=E35)*($F$35:$F$47=F35)*($G$35:$G$47=G35)*($H$35:$H$47=H35)*($I$35:$I$47=I35)*($J$35:$J$47=J35)*($K$35:$K$47=K35)*($L$35:$L$47=L35)*($M$35:$M$47=M35)*($N$35:$N$47=N35)*($O$35:$O$47=O35)*($P$35:$P$47=P35)*($Q$35:$Q$47=Q35)*($R$35:$R$47>R35)),"") -> 0 | AQ35: =IF(B35<>"",SUMPRODUCT(($E$35:$E$47=E35)*($F$35:$F$47=F35)*($G$35:$G$47=G35)*($H$35:$H$47=H35)*($I$35:$I$47=I35)*($J$35:$J$47=J35)*($K$35:$K$47=K35)*($L$35:$L$47=L35)*($M$35:$M$47=M35)*($N$35:$N$47=N35)*($O$35:$O$47=O35)*($P$35:$P$47=P35)*($Q$35:$Q$47=Q35)*($R$35:$R$47=R35)*($S$35:$S$47>S35)),"") -> 0 | AR35: =IF(B35<>"",SUMPRODUCT(($E$35:$E$47=E35)*($F$35:$F$47=F35)*($G$35:$G$47=G35)*($H$35:$H$47=H35)*($I$35:$I$47=I35)*($J$35:$J$47=J35)*($K$35:$K$47=K35)*($L$35:$L$47=L35)*($M$35:$M$47=M35)*($N$35:$N$47=N35)*($O$35:$O$47=O35)*($P$35:$P$47=P35)*($Q$35:$Q$47=Q35)*($R$35:$R$47=R35)*($S$35:$S$47=S35)*($T$35:$T$47>T35)),"") -> 0 | AS35: =IF(B35<>"",SUMPRODUCT(($E$35:$E$47=E35)*($F$35:$F$47=F35)*($G$35:$G$47=G35)*($H$35:$H$47=H35)*($I$35:$I$47=I35)*($J$35:$J$47=J35)*($K$35:$K$47=K35)*($L$35:$L$47=L35)*($M$35:$M$47=M35)*($N$35:$N$47=N35)*($O$35:$O$47=O35)*($P$35:$P$47=P35)*($Q$35:$Q$47=Q35)*($R$35:$R$47=R35)*($S$35:$S$47=S35)*($T$35:$T$47=T35)*($U$35:$U$47>U35)),"") -> 0 | AT35: =IF(B35<>"",SUMPRODUCT(($E$35:$E$47=E35)*($F$35:$F$47=F35)*($G$35:$G$47=G35)*($H$35:$H$47=H35)*($I$35:$I$47=I35)*($J$35:$J$47=J35)*($K$35:$K$47=K35)*($L$35:$L$47=L35)*($M$35:$M$47=M35)*($N$35:$N$47=N35)*($O$35:$O$47=O35)*($P$35:$P$47=P35)*($Q$35:$Q$47=Q35)*($R$35:$R$47=R35)*($S$35:$S$47=S35)*($T$35:$T$47=T35)*($U$35:$U$47=U35)*($V$35:$V$47>V35)),"") -> 0 | AU35: =IF(B35<>"",SUMPRODUCT(($E$35:$E$47=E35)*($F$35:$F$47=F35)*($G$35:$G$47=G35)*($H$35:$H$47=H35)*($I$35:$I$47=I35)*($J$35:$J$47=J35)*($K$35:$K$47=K35)*($L$35:$L$47=L35)*($M$35:$M$47=M35)*($N$35:$N$47=N35)*($O$35:$O$47=O35)*($P$35:$P$47=P35)*($Q$35:$Q$47=Q35)*($R$35:$R$47=R35)*($S$35:$S$47=S35)*($T$35:$T$47=T35)*($U$35:$U$47=U35)*($V$35:$V$47=V35)*($W$35:$W$47>W35)),"") -> 0 | AV35: =IF(B35<>"",SUMPRODUCT(($E$35:$E$47=E35)*($F$35:$F$47=F35)*($G$35:$G$47=G35)*($H$35:$H$47=H35)*($I$35:$I$47=I35)*($J$35:$J$47=J35)*($K$35:$K$47=K35)*($L$35:$L$47=L35)*($M$35:$M$47=M35)*($N$35:$N$47=N35)*($O$35:$O$47=O35)*($P$35:$P$47=P35)*($Q$35:$Q$47=Q35)*($R$35:$R$47=R35)*($S$35:$S$47=S35)*($T$35:$T$47=T35)*($U$35:$U$47=U35)*($V$35:$V$47=V35)*($W$35:$W$47=W35)*($X$35:$X$47>X35)),"") -> 0 | AW35: =IF(B35<>"",SUMPRODUCT(($E$35:$E$47=E35)*($F$35:$F$47=F35)*($G$35:$G$47=G35)*($H$35:$H$47=H35)*($I$35:$I$47=I35)*($J$35:$J$47=J35)*($K$35:$K$47=K35)*($L$35:$L$47=L35)*($M$35:$M$47=M35)*($N$35:$N$47=N35)*($O$35:$O$47=O35)*($P$35:$P$47=P35)*($Q$35:$Q$47=Q35)*($R$35:$R$47=R35)*($S$35:$S$47=S35)*($T$35:$T$47=T35)*($U$35:$U$47=U35)*($V$35:$V$47=V35)*($W$35:$W$47=W35)*($X$35:$X$47=X35)*($Y$35:$Y$47>Y35)),"") -> 0 | AX35: =IF(B35<>"",SUMPRODUCT(($E$35:$E$47=E35)*($F$35:$F$47=F35)*($G$35:$G$47=G35)*($H$35:$H$47=H35)*($I$35:$I$47=I35)*($J$35:$J$47=J35)*($K$35:$K$47=K35)*($L$35:$L$47=L35)*($M$35:$M$47=M35)*($N$35:$N$47=N35)*($O$35:$O$47=O35)*($P$35:$P$47=P35)*($Q$35:$Q$47=Q35)*($R$35:$R$47=R35)*($S$35:$S$47=S35)*($T$35:$T$47=T35)*($U$35:$U$47=U35)*($V$35:$V$47=V35)*($W$35:$W$47=W35)*($X$35:$X$47=X35)*($Y$35:$Y$47=Y35)*($Z$35:$Z$47>Z35)),"") -> 0 | AY35: =IF(B35<>"",SUMPRODUCT(($E$35:$E$47=E35)*($F$35:$F$47=F35)*($G$35:$G$47=G35)*($H$35:$H$47=H35)*($I$35:$I$47=I35)*($J$35:$J$47=J35)*($K$35:$K$47=K35)*($L$35:$L$47=L35)*($M$35:$M$47=M35)*($N$35:$N$47=N35)*($O$35:$O$47=O35)*($P$35:$P$47=P35)*($Q$35:$Q$47=Q35)*($R$35:$R$47=R35)*($S$35:$S$47=S35)*($T$35:$T$47=T35)*($U$35:$U$47=U35)*($V$35:$V$47=V35)*($W$35:$W$47=W35)*($X$35:$X$47=X35)*($Y$35:$Y$47=Y35)*($Z$35:$Z$47=Z35)*($AA$35:$AA$47>AA35)),"") -> 0 | AZ35: =IF(B35<>"",SUMPRODUCT(($E$35:$E$47=E35)*($F$35:$F$47=F35)*($G$35:$G$47=G35)*($H$35:$H$47=H35)*($I$35:$I$47=I35)*($J$35:$J$47=J35)*($K$35:$K$47=K35)*($L$35:$L$47=L35)*($M$35:$M$47=M35)*($N$35:$N$47=N35)*($O$35:$O$47=O35)*($P$35:$P$47=P35)*($Q$35:$Q$47=Q35)*($R$35:$R$47=R35)*($S$35:$S$47=S35)*($T$35:$T$47=T35)*($U$35:$U$47=U35)*($V$35:$V$47=V35)*($W$35:$W$47=W35)*($X$35:$X$47=X35)*($Y$35:$Y$47=Y35)*($Z$35:$Z$47=Z35)*($AA$35:$AA$47=AA35)*($AB$35:$AB$47>AB35)),"") -> 0 | BA35: =IF(B35<>"",SUMPRODUCT(($E$35:$E$47=E35)*($F$35:$F$47=F35)*($G$35:$G$47=G35)*($H$35:$H$47=H35)*($I$35:$I$47=I35)*($J$35:$J$47=J35)*($K$35:$K$47=K35)*($L$35:$L$47=L35)*($M$35:$M$47=M35)*($N$35:$N$47=N35)*($O$35:$O$47=O35)*($P$35:$P$47=P35)*($Q$35:$Q$47=Q35)*($R$35:$R$47=R35)*($S$35:$S$47=S35)*($T$35:$T$47=T35)*($U$35:$U$47=U35)*($V$35:$V$47=V35)*($W$35:$W$47=W35)*($X$35:$X$47=X35)*($Y$35:$Y$47=Y35)*($Z$35:$Z$47=Z35)*($AA$35:$AA$47=AA35)*($AB$35:$AB$47=AB35)*($AC$35:$AC$47>AC35)),"") -> 0 | BB35: =IF(B35<>"",SUMPRODUCT(($E$35:$E$47=E35)*($F$35:$F$47=F35)*($G$35:$G$47=G35)*($H$35:$H$47=H35)*($I$35:$I$47=I35)*($J$35:$J$47=J35)*($K$35:$K$47=K35)*($L$35:$L$47=L35)*($M$35:$M$47=M35)*($N$35:$N$47=N35)*($O$35:$O$47=O35)*($P$35:$P$47=P35)*($Q$35:$Q$47=Q35)*($R$35:$R$47=R35)*($S$35:$S$47=S35)*($T$35:$T$47=T35)*($U$35:$U$47=U35)*($V$35:$V$47=V35)*($W$35:$W$47=W35)*($X$35:$X$47=X35)*($Y$35:$Y$47=Y35)*($Z$35:$Z$47=Z35)*($AA$35:$AA$47=AA35)*($AB$35:$AB$47=AB35)*($AC$35:$AC$47=AC35)*($BC$35:$BC$47<BC35)),"") -> 0 | BC35: =IF(B35<>"",'Equipes e Pilotos'!H3,"") -> 1
A36: =IF(B36<>"",RANK(E36,E$35:E$47)+SUM(AD36:BB36),"") -> 1 | B36: =IF('Equipes e Pilotos'!I4<>"",'Equipes e Pilotos'!I4,"") -> Mercedes | C36: =IF(B36<>"",VLOOKUP(B36,'Equipes e Pilotos'!$I$3:$K$15,2,FALSE),"") -> Alemanha | D36: =IF(B36<>"",VLOOKUP(B36,'Equipes e Pilotos'!$I$3:$K$15,3,FALSE),"") -> Mercedes | E36: =IF(B36<>"",SUMIF(Resultados!E:E,B36,Resultados!F:F),"") -> 578 | F36: =IF(B36<>"",SUMPRODUCT((Resultados!$B$1:$B$602=1)*(Resultados!$E$1:$E$602=B36)*1),"") -> 15 | G36: =IF(B36<>"",SUMPRODUCT((Resultados!$B$1:$B$602=2)*(Resultados!$E$1:$E$602=B36)*1),"") -> 7 | H36: =IF(B36<>"",SUMPRODUCT((Resultados!$B$1:$B$602=3)*(Resultados!$E$1:$E$602=B36)*1),"") -> 4 | I36: =IF(B36<>"",SUMPRODUCT((Resultados!$B$1:$B$602=4)*(Resultados!$E$1:$E$602=B36)*1),"") -> 5 | J36: =IF(B36<>"",SUMPRODUCT((Resultados!$B$1:$B$602=5)*(Resultados!$E$1:$E$602=B36)*1),"") -> 3 | K36: =IF(B36<>"",SUMPRODUCT((Resultados!$B$1:$B$602=6)*(Resultados!$E$1:$E$602=B36)*1),"") -> 1 | L36: =IF(B36<>"",SUMPRODUCT((Resultados!$B$1:$B$602=7)*(Resultados!$E$1:$E$602=B36)*1),"") -> 1 | M36: =IF(B36<>"",SUMPRODUCT((Resultados!$B$1:$B$602=8)*(Resultados!$E$1:$E$602=B36)*1),"") -> 0 | N36: =IF(B36<>"",SUMPRODUCT((Resultados!$B$1:$B$602=9)*(Resultados!$E$1:$E$602=B36)*1),"") -> 0 | O36: =IF(B36<>"",SUMPRODUCT((Resultados!$B$1:$B$602=10)*(Resultados!$E$1:$E$602=B36)*1),"") -> 0 | P36: =IF(B36<>"",SUMPRODUCT((Resultados!$B$1:$B$602=11)*(Resultados!$E$1:$E$602=B36)*1),"") -> 0 | Q36: =IF(B36<>"",SUMPRODUCT((Resultados!$B$1:$B$602=12)*(Resultados!$E$1:$E$602=B36)*1),"") -> 1 | R36: =IF(B36<>"",SUMPRODUCT((Resultados!$B$1:$B$602=13)*(Resultados!$E$1:$ED$602=B36)*1),"") -> 1 | S36: =IF(B36<>"",SUMPRODUCT((Resultados!$B$1:$B$602=14)*(Resultados!$E$1:$E$602=B36)*1),"") -> 0 | T36: =IF(B36<>"",SUMPRODUCT((Resultados!$B$1:$B$602=15)*(Resultados!$E$1:$E$602=B36)*1),"") -> 1 | U36: =IF(B36<>"",SUMPRODUCT((Resultados!$B$1:$B$602=16)*(Resultados!$E$1:$E$602=B36)*1),"") -> 1 | V36: =IF(B36<>"",SUMPRODUCT((Resultados!$B$1:$B$602=17)*(Resultados!$E$1:$E$602=B36)*1),"") -> 0 | W36: =IF(B36<>"",SUMPRODUCT((Resultados!$B$1:$B$602=18)*(Resultados!$E$1:$E$602=B36)*1),"") -> 0 | X36: =IF(B36<>"",SUMPRODUCT((Resultados!$B$1:$B$602=19)*(Resultados!$E$1:$E$602=B36)*1),"") -> 1 | Y36: =IF(B36<>"",SUMPRODUCT((Resultados!$B$1:$B$602=20)*(Resultados!$E$1:$E$602=B36)*1),"") -> 1 | Z36: =IF(B36<>"",SUMPRODUCT((Resultados!$B$1:$B$602=21)*(Resultados!$E$1:$E$602=B36)*1),"") -> 0 | AA36: =IF(B36<>"",SUMPRODUCT((Resultados!$B$1:$B$602=22)*(Resultados!$E$1:$E$602=B36)*1),"") -> 1 | AB36: =IF(B36<>"",SUMPRODUCT((Resultados!$B$1:$B$602=23)*(Resultados!$E$1:$E$602=B36)*1),"") -> 0 | AC36: =IF(B36<>"",SUMPRODUCT((Resultados!$B$1:$B$602=24)*(Resultados!$E$1:$E$602=B36)*1),"") -> 0 | AD36: =IF(B36<>"",SUMPRODUCT(($E$35:$E$47=E36)*($F$35:$F$47>F36)),"") -> 0 | AE36: =IF(B36<>"",SUMPRODUCT(($E$35:$E$47=E36)*($F$35:$F$47=F36)*($G$35:$G$47>G36)),"") -> 0 | AF36: =IF(B36<>"",SUMPRODUCT(($E$35:$E$47=E36)*($F$35:$F$47=F36)*($G$35:$G$47=G36)*($H$35:$H$47>H36)),"") -> 0 | AG36: =IF(B36<>"",SUMPRODUCT(($E$35:$E$47=E36)*($F$35:$F$47=F36)*($G$35:$G$47=G36)*($H$35:$H$47=H36)*($I$35:$I$47>I36)),"") -> 0 | AH36: =IF(B36<>"",SUMPRODUCT(($E$35:$E$47=E36)*($F$35:$F$47=F36)*($G$35:$G$47=G36)*($H$35:$H$47=H36)*($I$35:$I$47=I36)*($J$35:$J$47>J36)),"") -> 0 | AI36: =IF(B36<>"",SUMPRODUCT(($E$35:$E$47=E36)*($F$35:$F$47=F36)*($G$35:$G$47=G36)*($H$35:$H$47=H36)*($I$35:$I$47=I36)*($J$35:$J$47=J36)*($K$35:$K$47>K36)),"") -> 0 | AJ36: =IF(B36<>"",SUMPRODUCT(($E$35:$E$47=E36)*($F$35:$F$47=F36)*($G$35:$G$47=G36)*($H$35:$H$47=H36)*($I$35:$I$47=I36)*($J$35:$J$47=J36)*($K$35:$K$47=K36)*($L$35:$L$47>L36)),"") -> 0 | AK36: =IF(B36<>"",SUMPRODUCT(($E$35:$E$47=E36)*($F$35:$F$47=F36)*($G$35:$G$47=G36)*($H$35:$H$47=H36)*($I$35:$I$47=I36)*($J$35:$J$47=J36)*($K$35:$K$47=K36)*($L$35:$L$47=L36)*($M$35:$M$47>M36)),"") -> 0 | AL36: =IF(B36<>"",SUMPRODUCT(($E$35:$E$47=E36)*($F$35:$F$47=F36)*($G$35:$G$47=G36)*($H$35:$H$47=H36)*($I$35:$I$47=I36)*($J$35:$J$47=J36)*($K$35:$K$47=K36)*($L$35:$L$47=L36)*($M$35:$M$47=M36)*($N$35:$N$47>N36)),"") -> 0 | AM36: =IF(B36<>"",SUMPRODUCT(($E$35:$E$47=E36)*($F$35:$F$47=F36)*($G$35:$G$47=G36)*($H$35:$H$47=H36)*($I$35:$I$47=I36)*($J$35:$J$47=J36)*($K$35:$K$47=K36)*($L$35:$L$47=L36)*($M$35:$M$47=M36)*($N$35:$N$47=N36)*($O$35:$O$47>O36)),"") -> 0 | AN36: =IF(B36<>"",SUMPRODUCT(($E$35:$E$47=E36)*($F$35:$F$47=F36)*($G$35:$G$47=G36)*($H$35:$H$47=H36)*($I$35:$I$47=I36)*($J$35:$J$47=J36)*($K$35:$K$47=K36)*($L$35:$L$47=L36)*($M$35:$M$47=M36)*($N$35:$N$47=N36)*($O$35:$O$47=O36)*($P$35:$P$47>P36)),"") -> 0 | AO36: =IF(B36<>"",SUMPRODUCT(($E$35:$E$47=E36)*($F$35:$F$47=F36)*($G$35:$G$47=G36)*($H$35:$H$47=H36)*($I$35:$I$47=I36)*($J$35:$J$47=J36)*($K$35:$K$47=K36)*($L$35:$L$47=L36)*($M$35:$M$47=M36)*($N$35:$N$47=N36)*($O$35:$O$47=O36)*($P$35:$P$47=P36)*($Q$35:$Q$47>Q36)),"") -> 0 | AP36: =IF(B36<>"",SUMPRODUCT(($E$35:$E$47=E36)*($F$35:$F$47=F36)*($G$35:$G$47=G36)*($H$35:$H$47=H36)*($I$35:$I$47=I36)*($J$35:$J$47=J36)*($K$35:$K$47=K36)*($L$35:$L$47=L36)*($M$35:$M$47=M36)*($N$35:$N$47=N36)*($O$35:$O$47=O36)*($P$35:$P$47=P36)*($Q$35:$Q$47=Q36)*($R$35:$R$47>R36)),"") -> 0 | AQ36: =IF(B36<>"",SUMPRODUCT(($E$35:$E$47=E36)*($F$35:$F$47=F36)*($G$35:$G$47=G36)*($H$35:$H$47=H36)*($I$35:$I$47=I36)*($J$35:$J$47=J36)*($K$35:$K$47=K36)*($L$35:$L$47=L36)*($M$35:$M$47=M36)*($N$35:$N$47=N36)*($O$35:$O$47=O36)*($P$35:$P$47=P36)*($Q$35:$Q$47=Q36)*($R$35:$R$47=R36)*($S$35:$S$47>S36)),"") -> 0 | AR36: =IF(B36<>"",SUMPRODUCT(($E$35:$E$47=E36)*($F$35:$F$47=F36)*($G$35:$G$47=G36)*($H$35:$H$47=H36)*($I$35:$I$47=I36)*($J$35:$J$47=J36)*($K$35:$K$47=K36)*($L$35:$L$47=L36)*($M$35:$M$47=M36)*($N$35:$N$47=N36)*($O$35:$O$47=O36)*($P$35:$P$47=P36)*($Q$35:$Q$47=Q36)*($R$35:$R$47=R36)*($S$35:$S$47=S36)*($T$35:$T$47>T36)),"") -> 0 | AS36: =IF(B36<>"",SUMPRODUCT(($E$35:$E$47=E36)*($F$35:$F$47=F36)*($G$35:$G$47=G36)*($H$35:$H$47=H36)*($I$35:$I$47=I36)*($J$35:$J$47=J36)*($K$35:$K$47=K36)*($L$35:$L$47=L36)*($M$35:$M$47=M36)*($N$35:$N$47=N36)*($O$35:$O$47=O36)*($P$35:$P$47=P36)*($Q$35:$Q$47=Q36)*($R$35:$R$47=R36)*($S$35:$S$47=S36)*($T$35:$T$47=T36)*($U$35:$U$47>U36)),"") -> 0 | AT36: =IF(B36<>"",SUMPRODUCT(($E$35:$E$47=E36)*($F$35:$F$47=F36)*($G$35:$G$47=G36)*($H$35:$H$47=H36)*($I$35:$I$47=I36)*($J$35:$J$47=J36)*($K$35:$K$47=K36)*($L$35:$L$47=L36)*($M$35:$M$47=M36)*($N$35:$N$47=N36)*($O$35:$O$47=O36)*($P$35:$P$47=P36)*($Q$35:$Q$47=Q36)*($R$35:$R$47=R36)*($S$35:$S$47=S36)*($T$35:$T$47=T36)*($U$35:$U$47=U36)*($V$35:$V$47>V36)),"") -> 0 | AU36: =IF(B36<>"",SUMPRODUCT(($E$35:$E$47=E36)*($F$35:$F$47=F36)*($G$35:$G$47=G36)*($H$35:$H$47=H36)*($I$35:$I$47=I36)*($J$35:$J$47=J36)*($K$35:$K$47=K36)*($L$35:$L$47=L36)*($M$35:$M$47=M36)*($N$35:$N$47=N36)*($O$35:$O$47=O36)*($P$35:$P$47=P36)*($Q$35:$Q$47=Q36)*($R$35:$R$47=R36)*($S$35:$S$47=S36)*($T$35:$T$47=T36)*($U$35:$U$47=U36)*($V$35:$V$47=V36)*($W$35:$W$47>W36)),"") -> 0 | AV36: =IF(B36<>"",SUMPRODUCT(($E$35:$E$47=E36)*($F$35:$F$47=F36)*($G$35:$G$47=G36)*($H$35:$H$47=H36)*($I$35:$I$47=I36)*($J$35:$J$47=J36)*($K$35:$K$47=K36)*($L$35:$L$47=L36)*($M$35:$M$47=M36)*($N$35:$N$47=N36)*($O$35:$O$47=O36)*($P$35:$P$47=P36)*($Q$35:$Q$47=Q36)*($R$35:$R$47=R36)*($S$35:$S$47=S36)*($T$35:$T$47=T36)*($U$35:$U$47=U36)*($V$35:$V$47=V36)*($W$35:$W$47=W36)*($X$35:$X$47>X36)),"") -> 0 | AW36: =IF(B36<>"",SUMPRODUCT(($E$35:$E$47=E36)*($F$35:$F$47=F36)*($G$35:$G$47=G36)*($H$35:$H$47=H36)*($I$35:$I$47=I36)*($J$35:$J$47=J36)*($K$35:$K$47=K36)*($L$35:$L$47=L36)*($M$35:$M$47=M36)*($N$35:$N$47=N36)*($O$35:$O$47=O36)*($P$35:$P$47=P36)*($Q$35:$Q$47=Q36)*($R$35:$R$47=R36)*($S$35:$S$47=S36)*($T$35:$T$47=T36)*($U$35:$U$47=U36)*($V$35:$V$47=V36)*($W$35:$W$47=W36)*($X$35:$X$47=X36)*($Y$35:$Y$47>Y36)),"") -> 0 | AX36: =IF(B36<>"",SUMPRODUCT(($E$35:$E$47=E36)*($F$35:$F$47=F36)*($G$35:$G$47=G36)*($H$35:$H$47=H36)*($I$35:$I$47=I36)*($J$35:$J$47=J36)*($K$35:$K$47=K36)*($L$35:$L$47=L36)*($M$35:$M$47=M36)*($N$35:$N$47=N36)*($O$35:$O$47=O36)*($P$35:$P$47=P36)*($Q$35:$Q$47=Q36)*($R$35:$R$47=R36)*($S$35:$S$47=S36)*($T$35:$T$47=T36)*($U$35:$U$47=U36)*($V$35:$V$47=V36)*($W$35:$W$47=W36)*($X$35:$X$47=X36)*($Y$35:$Y$47=Y36)*($Z$35:$Z$47>Z36)),"") -> 0 | AY36: =IF(B36<>"",SUMPRODUCT(($E$35:$E$47=E36)*($F$35:$F$47=F36)*($G$35:$G$47=G36)*($H$35:$H$47=H36)*($I$35:$I$47=I36)*($J$35:$J$47=J36)*($K$35:$K$47=K36)*($L$35:$L$47=L36)*($M$35:$M$47=M36)*($N$35:$N$47=N36)*($O$35:$O$47=O36)*($P$35:$P$47=P36)*($Q$35:$Q$47=Q36)*($R$35:$R$47=R36)*($S$35:$S$47=S36)*($T$35:$T$47=T36)*($U$35:$U$47=U36)*($V$35:$V$47=V36)*($W$35:$W$47=W36)*($X$35:$X$47=X36)*($Y$35:$Y$47=Y36)*($Z$35:$Z$47=Z36)*($AA$35:$AA$47>AA36)),"") -> 0 | AZ36: =IF(B36<>"",SUMPRODUCT(($E$35:$E$47=E36)*($F$35:$F$47=F36)*($G$35:$G$47=G36)*($H$35:$H$47=H36)*($I$35:$I$47=I36)*($J$35:$J$47=J36)*($K$35:$K$47=K36)*($L$35:$L$47=L36)*($M$35:$M$47=M36)*($N$35:$N$47=N36)*($O$35:$O$47=O36)*($P$35:$P$47=P36)*($Q$35:$Q$47=Q36)*($R$35:$R$47=R36)*($S$35:$S$47=S36)*($T$35:$T$47=T36)*($U$35:$U$47=U36)*($V$35:$V$47=V36)*($W$35:$W$47=W36)*($X$35:$X$47=X36)*($Y$35:$Y$47=Y36)*($Z$35:$Z$47=Z36)*($AA$35:$AA$47=AA36)*($AB$35:$AB$47>AB36)),"") -> 0 | BA36: =IF(B36<>"",SUMPRODUCT(($E$35:$E$47=E36)*($F$35:$F$47=F36)*($G$35:$G$47=G36)*($H$35:$H$47=H36)*($I$35:$I$47=I36)*($J$35:$J$47=J36)*($K$35:$K$47=K36)*($L$35:$L$47=L36)*($M$35:$M$47=M36)*($N$35:$N$47=N36)*($O$35:$O$47=O36)*($P$35:$P$47=P36)*($Q$35:$Q$47=Q36)*($R$35:$R$47=R36)*($S$35:$S$47=S36)*($T$35:$T$47=T36)*($U$35:$U$47=U36)*($V$35:$V$47=V36)*($W$35:$W$47=W36)*($X$35:$X$47=X36)*($Y$35:$Y$47=Y36)*($Z$35:$Z$47=Z36)*($AA$35:$AA$47=AA36)*($AB$35:$AB$47=AB36)*($AC$35:$AC$47>AC36)),"") -> 0 | BB36: =IF(B36<>"",SUMPRODUCT(($E$35:$E$47=E36)*($F$35:$F$47=F36)*($G$35:$G$47=G36)*($H$35:$H$47=H36)*($I$35:$I$47=I36)*($J$35:$J$47=J36)*($K$35:$K$47=K36)*($L$35:$L$47=L36)*($M$35:$M$47=M36)*($N$35:$N$47=N36)*($O$35:$O$47=O36)*($P$35:$P$47=P36)*($Q$35:$Q$47=Q36)*($R$35:$R$47=R36)*($S$35:$S$47=S36)*($T$35:$T$47=T36)*($U$35:$U$47=U36)*($V$35:$V$47=V36)*($W$35:$W$47=W36)*($X$35:$X$47=X36)*($Y$35:$Y$47=Y36)*($Z$35:$Z$47=Z36)*($AA$35:$AA$47=AA36)*($AB$35:$AB$47=AB36)*($AC$35:$AC$47=AC36)*($BC$35:$BC$47<BC36)),"") -> 0 | BC36: =IF(B36<>"",'Equipes e Pilotos'!H4,"") -> 2
A37: =IF(B37<>"",RANK(E37,E$35:E$47)+SUM(AD37:BB37),"") -> 4 | B37: =IF('Equipes e Pilotos'!I5<>"",'Equipes e Pilotos'!I5,"") -> Red Bull | C37: =IF(B37<>"",VLOOKUP(B37,'Equipes e Pilotos'!$I$3:$K$15,2,FALSE),"") -> Áustria | D37: =IF(B37<>"",VLOOKUP(B37,'Equipes e Pilotos'!$I$3:$K$15,3,FALSE),"") -> RB Ford | E37: =IF(B37<>"",SUMIF(Resultados!E:E,B37,Resultados!F:F),"")+6 -> 324 | F37: =IF(B37<>"",SUMPRODUCT((Resultados!$B$1:$B$602=1)*(Resultados!$E$1:$E$602=B37)*1),"") -> 1 | G37: =IF(B37<>"",SUMPRODUCT((Resultados!$B$1:$B$602=2)*(Resultados!$E$1:$E$602=B37)*1),"") -> 4 | H37: =IF(B37<>"",SUMPRODUCT((Resultados!$B$1:$B$602=3)*(Resultados!$E$1:$E$602=B37)*1),"") -> 5 | I37: =IF(B37<>"",SUMPRODUCT((Resultados!$B$1:$B$602=4)*(Resultados!$E$1:$E$602=B37)*1),"") -> 1 | J37: =IF(B37<>"",SUMPRODUCT((Resultados!$B$1:$B$602=5)*(Resultados!$E$1:$E$602=B37)*1),"") -> 5 | K37: =IF(B37<>"",SUMPRODUCT((Resultados!$B$1:$B$602=6)*(Resultados!$E$1:$E$602=B37)*1),"") -> 7 | L37: =IF(B37<>"",SUMPRODUCT((Resultados!$B$1:$B$602=7)*(Resultados!$E$1:$E$602=B37)*1),"") -> 1 | M37: =IF(B37<>"",SUMPRODUCT((Resultados!$B$1:$B$602=8)*(Resultados!$E$1:$E$602=B37)*1),"") -> 2 | N37: =IF(B37<>"",SUMPRODUCT((Resultados!$B$1:$B$602=9)*(Resultados!$E$1:$E$602=B37)*1),"") -> 3 | O37: =IF(B37<>"",SUMPRODUCT((Resultados!$B$1:$B$602=10)*(Resultados!$E$1:$E$602=B37)*1),"") -> 0 | P37: =IF(B37<>"",SUMPRODUCT((Resultados!$B$1:$B$602=11)*(Resultados!$E$1:$E$602=B37)*1),"") -> 0 | Q37: =IF(B37<>"",SUMPRODUCT((Resultados!$B$1:$B$602=12)*(Resultados!$E$1:$E$602=B37)*1),"") -> 1 | R37: =IF(B37<>"",SUMPRODUCT((Resultados!$B$1:$B$602=13)*(Resultados!$E$1:$ED$602=B37)*1),"") -> 0 | S37: =IF(B37<>"",SUMPRODUCT((Resultados!$B$1:$B$602=14)*(Resultados!$E$1:$E$602=B37)*1),"") -> 0 | T37: =IF(B37<>"",SUMPRODUCT((Resultados!$B$1:$B$602=15)*(Resultados!$E$1:$E$602=B37)*1),"") -> 1 | U37: =IF(B37<>"",SUMPRODUCT((Resultados!$B$1:$B$602=16)*(Resultados!$E$1:$E$602=B37)*1),"") -> 1 | V37: =IF(B37<>"",SUMPRODUCT((Resultados!$B$1:$B$602=17)*(Resultados!$E$1:$E$602=B37)*1),"") -> 0 | W37: =IF(B37<>"",SUMPRODUCT((Resultados!$B$1:$B$602=18)*(Resultados!$E$1:$E$602=B37)*1),"") -> 0 | X37: =IF(B37<>"",SUMPRODUCT((Resultados!$B$1:$B$602=19)*(Resultados!$E$1:$E$602=B37)*1),"") -> 0 | Y37: =IF(B37<>"",SUMPRODUCT((Resultados!$B$1:$B$602=20)*(Resultados!$E$1:$E$602=B37)*1),"") -> 2 | Z37: =IF(B37<>"",SUMPRODUCT((Resultados!$B$1:$B$602=21)*(Resultados!$E$1:$E$602=B37)*1),"") -> 1 | AA37: =IF(B37<>"",SUMPRODUCT((Resultados!$B$1:$B$602=22)*(Resultados!$E$1:$E$602=B37)*1),"") -> 3 | AB37: =IF(B37<>"",SUMPRODUCT((Resultados!$B$1:$B$602=23)*(Resultados!$E$1:$E$602=B37)*1),"") -> 0 | AC37: =IF(B37<>"",SUMPRODUCT((Resultados!$B$1:$B$602=24)*(Resultados!$E$1:$E$602=B37)*1),"") -> 0 | AD37: =IF(B37<>"",SUMPRODUCT(($E$35:$E$47=E37)*($F$35:$F$47>F37)),"") -> 0 | AE37: =IF(B37<>"",SUMPRODUCT(($E$35:$E$47=E37)*($F$35:$F$47=F37)*($G$35:$G$47>G37)),"") -> 0 | AF37: =IF(B37<>"",SUMPRODUCT(($E$35:$E$47=E37)*($F$35:$F$47=F37)*($G$35:$G$47=G37)*($H$35:$H$47>H37)),"") -> 0 | AG37: =IF(B37<>"",SUMPRODUCT(($E$35:$E$47=E37)*($F$35:$F$47=F37)*($G$35:$G$47=G37)*($H$35:$H$47=H37)*($I$35:$I$47>I37)),"") -> 0 | AH37: =IF(B37<>"",SUMPRODUCT(($E$35:$E$47=E37)*($F$35:$F$47=F37)*($G$35:$G$47=G37)*($H$35:$H$47=H37)*($I$35:$I$47=I37)*($J$35:$J$47>J37)),"") -> 0 | AI37: =IF(B37<>"",SUMPRODUCT(($E$35:$E$47=E37)*($F$35:$F$47=F37)*($G$35:$G$47=G37)*($H$35:$H$47=H37)*($I$35:$I$47=I37)*($J$35:$J$47=J37)*($K$35:$K$47>K37)),"") -> 0 | AJ37: =IF(B37<>"",SUMPRODUCT(($E$35:$E$47=E37)*($F$35:$F$47=F37)*($G$35:$G$47=G37)*($H$35:$H$47=H37)*($I$35:$I$47=I37)*($J$35:$J$47=J37)*($K$35:$K$47=K37)*($L$35:$L$47>L37)),"") -> 0 | AK37: =IF(B37<>"",SUMPRODUCT(($E$35:$E$47=E37)*($F$35:$F$47=F37)*($G$35:$G$47=G37)*($H$35:$H$47=H37)*($I$35:$I$47=I37)*($J$35:$J$47=J37)*($K$35:$K$47=K37)*($L$35:$L$47=L37)*($M$35:$M$47>M37)),"") -> 0 | AL37: =IF(B37<>"",SUMPRODUCT(($E$35:$E$47=E37)*($F$35:$F$47=F37)*($G$35:$G$47=G37)*($H$35:$H$47=H37)*($I$35:$I$47=I37)*($J$35:$J$47=J37)*($K$35:$K$47=K37)*($L$35:$L$47=L37)*($M$35:$M$47=M37)*($N$35:$N$47>N37)),"") -> 0 | AM37: =IF(B37<>"",SUMPRODUCT(($E$35:$E$47=E37)*($F$35:$F$47=F37)*($G$35:$G$47=G37)*($H$35:$H$47=H37)*($I$35:$I$47=I37)*($J$35:$J$47=J37)*($K$35:$K$47=K37)*($L$35:$L$47=L37)*($M$35:$M$47=M37)*($N$35:$N$47=N37)*($O$35:$O$47>O37)),"") -> 0 | AN37: =IF(B37<>"",SUMPRODUCT(($E$35:$E$47=E37)*($F$35:$F$47=F37)*($G$35:$G$47=G37)*($H$35:$H$47=H37)*($I$35:$I$47=I37)*($J$35:$J$47=J37)*($K$35:$K$47=K37)*($L$35:$L$47=L37)*($M$35:$M$47=M37)*($N$35:$N$47=N37)*($O$35:$O$47=O37)*($P$35:$P$47>P37)),"") -> 0 | AO37: =IF(B37<>"",SUMPRODUCT(($E$35:$E$47=E37)*($F$35:$F$47=F37)*($G$35:$G$47=G37)*($H$35:$H$47=H37)*($I$35:$I$47=I37)*($J$35:$J$47=J37)*($K$35:$K$47=K37)*($L$35:$L$47=L37)*($M$35:$M$47=M37)*($N$35:$N$47=N37)*($O$35:$O$47=O37)*($P$35:$P$47=P37)*($Q$35:$Q$47>Q37)),"") -> 0 | AP37: =IF(B37<>"",SUMPRODUCT(($E$35:$E$47=E37)*($F$35:$F$47=F37)*($G$35:$G$47=G37)*($H$35:$H$47=H37)*($I$35:$I$47=I37)*($J$35:$J$47=J37)*($K$35:$K$47=K37)*($L$35:$L$47=L37)*($M$35:$M$47=M37)*($N$35:$N$47=N37)*($O$35:$O$47=O37)*($P$35:$P$47=P37)*($Q$35:$Q$47=Q37)*($R$35:$R$47>R37)),"") -> 0 | AQ37: =IF(B37<>"",SUMPRODUCT(($E$35:$E$47=E37)*($F$35:$F$47=F37)*($G$35:$G$47=G37)*($H$35:$H$47=H37)*($I$35:$I$47=I37)*($J$35:$J$47=J37)*($K$35:$K$47=K37)*($L$35:$L$47=L37)*($M$35:$M$47=M37)*($N$35:$N$47=N37)*($O$35:$O$47=O37)*($P$35:$P$47=P37)*($Q$35:$Q$47=Q37)*($R$35:$R$47=R37)*($S$35:$S$47>S37)),"") -> 0 | AR37: =IF(B37<>"",SUMPRODUCT(($E$35:$E$47=E37)*($F$35:$F$47=F37)*($G$35:$G$47=G37)*($H$35:$H$47=H37)*($I$35:$I$47=I37)*($J$35:$J$47=J37)*($K$35:$K$47=K37)*($L$35:$L$47=L37)*($M$35:$M$47=M37)*($N$35:$N$47=N37)*($O$35:$O$47=O37)*($P$35:$P$47=P37)*($Q$35:$Q$47=Q37)*($R$35:$R$47=R37)*($S$35:$S$47=S37)*($T$35:$T$47>T37)),"") -> 0 | AS37: =IF(B37<>"",SUMPRODUCT(($E$35:$E$47=E37)*($F$35:$F$47=F37)*($G$35:$G$47=G37)*($H$35:$H$47=H37)*($I$35:$I$47=I37)*($J$35:$J$47=J37)*($K$35:$K$47=K37)*($L$35:$L$47=L37)*($M$35:$M$47=M37)*($N$35:$N$47=N37)*($O$35:$O$47=O37)*($P$35:$P$47=P37)*($Q$35:$Q$47=Q37)*($R$35:$R$47=R37)*($S$35:$S$47=S37)*($T$35:$T$47=T37)*($U$35:$U$47>U37)),"") -> 0 | AT37: =IF(B37<>"",SUMPRODUCT(($E$35:$E$47=E37)*($F$35:$F$47=F37)*($G$35:$G$47=G37)*($H$35:$H$47=H37)*($I$35:$I$47=I37)*($J$35:$J$47=J37)*($K$35:$K$47=K37)*($L$35:$L$47=L37)*($M$35:$M$47=M37)*($N$35:$N$47=N37)*($O$35:$O$47=O37)*($P$35:$P$47=P37)*($Q$35:$Q$47=Q37)*($R$35:$R$47=R37)*($S$35:$S$47=S37)*($T$35:$T$47=T37)*($U$35:$U$47=U37)*($V$35:$V$47>V37)),"") -> 0 | AU37: =IF(B37<>"",SUMPRODUCT(($E$35:$E$47=E37)*($F$35:$F$47=F37)*($G$35:$G$47=G37)*($H$35:$H$47=H37)*($I$35:$I$47=I37)*($J$35:$J$47=J37)*($K$35:$K$47=K37)*($L$35:$L$47=L37)*($M$35:$M$47=M37)*($N$35:$N$47=N37)*($O$35:$O$47=O37)*($P$35:$P$47=P37)*($Q$35:$Q$47=Q37)*($R$35:$R$47=R37)*($S$35:$S$47=S37)*($T$35:$T$47=T37)*($U$35:$U$47=U37)*($V$35:$V$47=V37)*($W$35:$W$47>W37)),"") -> 0 | AV37: =IF(B37<>"",SUMPRODUCT(($E$35:$E$47=E37)*($F$35:$F$47=F37)*($G$35:$G$47=G37)*($H$35:$H$47=H37)*($I$35:$I$47=I37)*($J$35:$J$47=J37)*($K$35:$K$47=K37)*($L$35:$L$47=L37)*($M$35:$M$47=M37)*($N$35:$N$47=N37)*($O$35:$O$47=O37)*($P$35:$P$47=P37)*($Q$35:$Q$47=Q37)*($R$35:$R$47=R37)*($S$35:$S$47=S37)*($T$35:$T$47=T37)*($U$35:$U$47=U37)*($V$35:$V$47=V37)*($W$35:$W$47=W37)*($X$35:$X$47>X37)),"") -> 0 | AW37: =IF(B37<>"",SUMPRODUCT(($E$35:$E$47=E37)*($F$35:$F$47=F37)*($G$35:$G$47=G37)*($H$35:$H$47=H37)*($I$35:$I$47=I37)*($J$35:$J$47=J37)*($K$35:$K$47=K37)*($L$35:$L$47=L37)*($M$35:$M$47=M37)*($N$35:$N$47=N37)*($O$35:$O$47=O37)*($P$35:$P$47=P37)*($Q$35:$Q$47=Q37)*($R$35:$R$47=R37)*($S$35:$S$47=S37)*($T$35:$T$47=T37)*($U$35:$U$47=U37)*($V$35:$V$47=V37)*($W$35:$W$47=W37)*($X$35:$X$47=X37)*($Y$35:$Y$47>Y37)),"") -> 0 | AX37: =IF(B37<>"",SUMPRODUCT(($E$35:$E$47=E37)*($F$35:$F$47=F37)*($G$35:$G$47=G37)*($H$35:$H$47=H37)*($I$35:$I$47=I37)*($J$35:$J$47=J37)*($K$35:$K$47=K37)*($L$35:$L$47=L37)*($M$35:$M$47=M37)*($N$35:$N$47=N37)*($O$35:$O$47=O37)*($P$35:$P$47=P37)*($Q$35:$Q$47=Q37)*($R$35:$R$47=R37)*($S$35:$S$47=S37)*($T$35:$T$47=T37)*($U$35:$U$47=U37)*($V$35:$V$47=V37)*($W$35:$W$47=W37)*($X$35:$X$47=X37)*($Y$35:$Y$47=Y37)*($Z$35:$Z$47>Z37)),"") -> 0 | AY37: =IF(B37<>"",SUMPRODUCT(($E$35:$E$47=E37)*($F$35:$F$47=F37)*($G$35:$G$47=G37)*($H$35:$H$47=H37)*($I$35:$I$47=I37)*($J$35:$J$47=J37)*($K$35:$K$47=K37)*($L$35:$L$47=L37)*($M$35:$M$47=M37)*($N$35:$N$47=N37)*($O$35:$O$47=O37)*($P$35:$P$47=P37)*($Q$35:$Q$47=Q37)*($R$35:$R$47=R37)*($S$35:$S$47=S37)*($T$35:$T$47=T37)*($U$35:$U$47=U37)*($V$35:$V$47=V37)*($W$35:$W$47=W37)*($X$35:$X$47=X37)*($Y$35:$Y$47=Y37)*($Z$35:$Z$47=Z37)*($AA$35:$AA$47>AA37)),"") -> 0 | AZ37: =IF(B37<>"",SUMPRODUCT(($E$35:$E$47=E37)*($F$35:$F$47=F37)*($G$35:$G$47=G37)*($H$35:$H$47=H37)*($I$35:$I$47=I37)*($J$35:$J$47=J37)*($K$35:$K$47=K37)*($L$35:$L$47=L37)*($M$35:$M$47=M37)*($N$35:$N$47=N37)*($O$35:$O$47=O37)*($P$35:$P$47=P37)*($Q$35:$Q$47=Q37)*($R$35:$R$47=R37)*($S$35:$S$47=S37)*($T$35:$T$47=T37)*($U$35:$U$47=U37)*($V$35:$V$47=V37)*($W$35:$W$47=W37)*($X$35:$X$47=X37)*($Y$35:$Y$47=Y37)*($Z$35:$Z$47=Z37)*($AA$35:$AA$47=AA37)*($AB$35:$AB$47>AB37)),"") -> 0 | BA37: =IF(B37<>"",SUMPRODUCT(($E$35:$E$47=E37)*($F$35:$F$47=F37)*($G$35:$G$47=G37)*($H$35:$H$47=H37)*($I$35:$I$47=I37)*($J$35:$J$47=J37)*($K$35:$K$47=K37)*($L$35:$L$47=L37)*($M$35:$M$47=M37)*($N$35:$N$47=N37)*($O$35:$O$47=O37)*($P$35:$P$47=P37)*($Q$35:$Q$47=Q37)*($R$35:$R$47=R37)*($S$35:$S$47=S37)*($T$35:$T$47=T37)*($U$35:$U$47=U37)*($V$35:$V$47=V37)*($W$35:$W$47=W37)*($X$35:$X$47=X37)*($Y$35:$Y$47=Y37)*($Z$35:$Z$47=Z37)*($AA$35:$AA$47=AA37)*($AB$35:$AB$47=AB37)*($AC$35:$AC$47>AC37)),"") -> 0 | BB37: =IF(B37<>"",SUMPRODUCT(($E$35:$E$47=E37)*($F$35:$F$47=F37)*($G$35:$G$47=G37)*($H$35:$H$47=H37)*($I$35:$I$47=I37)*($J$35:$J$47=J37)*($K$35:$K$47=K37)*($L$35:$L$47=L37)*($M$35:$M$47=M37)*($N$35:$N$47=N37)*($O$35:$O$47=O37)*($P$35:$P$47=P37)*($Q$35:$Q$47=Q37)*($R$35:$R$47=R37)*($S$35:$S$47=S37)*($T$35:$T$47=T37)*($U$35:$U$47=U37)*($V$35:$V$47=V37)*($W$35:$W$47=W37)*($X$35:$X$47=X37)*($Y$35:$Y$47=Y37)*($Z$35:$Z$47=Z37)*($AA$35:$AA$47=AA37)*($AB$35:$AB$47=AB37)*($AC$35:$AC$47=AC37)*($BC$35:$BC$47<BC37)),"") -> 0 | BC37: =IF(B37<>"",'Equipes e Pilotos'!H5,"") -> 3
A38: =IF(B38<>"",RANK(E38,E$35:E$47)+SUM(AD38:BB38),"") -> 2 | B38: =IF('Equipes e Pilotos'!I6<>"",'Equipes e Pilotos'!I6,"") -> Ferrari | C38: =IF(B38<>"",VLOOKUP(B38,'Equipes e Pilotos'!$I$3:$K$15,2,FALSE),"") -> Itália | D38: =IF(B38<>"",VLOOKUP(B38,'Equipes e Pilotos'!$I$3:$K$15,3,FALSE),"") -> Ferrari | E38: =IF(B38<>"",SUMIF(Resultados!E:E,B38,Resultados!F:F),"") -> 444 | F38: =IF(B38<>"",SUMPRODUCT((Resultados!$B$1:$B$602=1)*(Resultados!$E$1:$E$602=B38)*1),"") -> 2 | G38: =IF(B38<>"",SUMPRODUCT((Resultados!$B$1:$B$602=2)*(Resultados!$E$1:$E$602=B38)*1),"") -> 6 | H38: =IF(B38<>"",SUMPRODUCT((Resultados!$B$1:$B$602=3)*(Resultados!$E$1:$E$602=B38)*1),"") -> 7 | I38: =IF(B38<>"",SUMPRODUCT((Resultados!$B$1:$B$602=4)*(Resultados!$E$1:$E$602=B38)*1),"") -> 9 | J38: =IF(B38<>"",SUMPRODUCT((Resultados!$B$1:$B$602=5)*(Resultados!$E$1:$E$602=B38)*1),"") -> 5 | K38: =IF(B38<>"",SUMPRODUCT((Resultados!$B$1:$B$602=6)*(Resultados!$E$1:$E$602=B38)*1),"") -> 5 | L38: =IF(B38<>"",SUMPRODUCT((Resultados!$B$1:$B$602=7)*(Resultados!$E$1:$E$602=B38)*1),"") -> 2 | M38: =IF(B38<>"",SUMPRODUCT((Resultados!$B$1:$B$602=8)*(Resultados!$E$1:$E$602=B38)*1),"") -> 2 | N38: =IF(B38<>"",SUMPRODUCT((Resultados!$B$1:$B$602=9)*(Resultados!$E$1:$E$602=B38)*1),"") -> 0 | O38: =IF(B38<>"",SUMPRODUCT((Resultados!$B$1:$B$602=10)*(Resultados!$E$1:$E$602=B38)*1),"") -> 0 | P38: =IF(B38<>"",SUMPRODUCT((Resultados!$B$1:$B$602=11)*(Resultados!$E$1:$E$602=B38)*1),"") -> 0 | Q38: =IF(B38<>"",SUMPRODUCT((Resultados!$B$1:$B$602=12)*(Resultados!$E$1:$E$602=B38)*1),"") -> 0 | R38: =IF(B38<>"",SUMPRODUCT((Resultados!$B$1:$B$602=13)*(Resultados!$E$1:$ED$602=B38)*1),"") -> 1 | S38: =IF(B38<>"",SUMPRODUCT((Resultados!$B$1:$B$602=14)*(Resultados!$E$1:$E$602=B38)*1),"") -> 0 | T38: =IF(B38<>"",SUMPRODUCT((Resultados!$B$1:$B$602=15)*(Resultados!$E$1:$E$602=B38)*1),"") -> 1 | U38: =IF(B38<>"",SUMPRODUCT((Resultados!$B$1:$B$602=16)*(Resultados!$E$1:$E$602=B38)*1),"") -> 0 | V38: =IF(B38<>"",SUMPRODUCT((Resultados!$B$1:$B$602=17)*(Resultados!$E$1:$E$602=B38)*1),"") -> 1 | W38: =IF(B38<>"",SUMPRODUCT((Resultados!$B$1:$B$602=18)*(Resultados!$E$1:$E$602=B38)*1),"") -> 0 | X38: =IF(B38<>"",SUMPRODUCT((Resultados!$B$1:$B$602=19)*(Resultados!$E$1:$E$602=B38)*1),"") -> 0 | Y38: =IF(B38<>"",SUMPRODUCT((Resultados!$B$1:$B$602=20)*(Resultados!$E$1:$E$602=B38)*1),"") -> 0 | Z38: =IF(B38<>"",SUMPRODUCT((Resultados!$B$1:$B$602=21)*(Resultados!$E$1:$E$602=B38)*1),"") -> 0 | AA38: =IF(B38<>"",SUMPRODUCT((Resultados!$B$1:$B$602=22)*(Resultados!$E$1:$E$602=B38)*1),"") -> 2 | AB38: =IF(B38<>"",SUMPRODUCT((Resultados!$B$1:$B$602=23)*(Resultados!$E$1:$E$602=B38)*1),"") -> 0 | AC38: =IF(B38<>"",SUMPRODUCT((Resultados!$B$1:$B$602=24)*(Resultados!$E$1:$E$602=B38)*1),"") -> 0 | AD38: =IF(B38<>"",SUMPRODUCT(($E$35:$E$47=E38)*($F$35:$F$47>F38)),"") -> 0 | AE38: =IF(B38<>"",SUMPRODUCT(($E$35:$E$47=E38)*($F$35:$F$47=F38)*($G$35:$G$47>G38)),"") -> 0 | AF38: =IF(B38<>"",SUMPRODUCT(($E$35:$E$47=E38)*($F$35:$F$47=F38)*($G$35:$G$47=G38)*($H$35:$H$47>H38)),"") -> 0 | AG38: =IF(B38<>"",SUMPRODUCT(($E$35:$E$47=E38)*($F$35:$F$47=F38)*($G$35:$G$47=G38)*($H$35:$H$47=H38)*($I$35:$I$47>I38)),"") -> 0 | AH38: =IF(B38<>"",SUMPRODUCT(($E$35:$E$47=E38)*($F$35:$F$47=F38)*($G$35:$G$47=G38)*($H$35:$H$47=H38)*($I$35:$I$47=I38)*($J$35:$J$47>J38)),"") -> 0 | AI38: =IF(B38<>"",SUMPRODUCT(($E$35:$E$47=E38)*($F$35:$F$47=F38)*($G$35:$G$47=G38)*($H$35:$H$47=H38)*($I$35:$I$47=I38)*($J$35:$J$47=J38)*($K$35:$K$47>K38)),"") -> 0 | AJ38: =IF(B38<>"",SUMPRODUCT(($E$35:$E$47=E38)*($F$35:$F$47=F38)*($G$35:$G$47=G38)*($H$35:$H$47=H38)*($I$35:$I$47=I38)*($J$35:$J$47=J38)*($K$35:$K$47=K38)*($L$35:$L$47>L38)),"") -> 0 | AK38: =IF(B38<>"",SUMPRODUCT(($E$35:$E$47=E38)*($F$35:$F$47=F38)*($G$35:$G$47=G38)*($H$35:$H$47=H38)*($I$35:$I$47=I38)*($J$35:$J$47=J38)*($K$35:$K$47=K38)*($L$35:$L$47=L38)*($M$35:$M$47>M38)),"") -> 0 | AL38: =IF(B38<>"",SUMPRODUCT(($E$35:$E$47=E38)*($F$35:$F$47=F38)*($G$35:$G$47=G38)*($H$35:$H$47=H38)*($I$35:$I$47=I38)*($J$35:$J$47=J38)*($K$35:$K$47=K38)*($L$35:$L$47=L38)*($M$35:$M$47=M38)*($N$35:$N$47>N38)),"") -> 0 | AM38: =IF(B38<>"",SUMPRODUCT(($E$35:$E$47=E38)*($F$35:$F$47=F38)*($G$35:$G$47=G38)*($H$35:$H$47=H38)*($I$35:$I$47=I38)*($J$35:$J$47=J38)*($K$35:$K$47=K38)*($L$35:$L$47=L38)*($M$35:$M$47=M38)*($N$35:$N$47=N38)*($O$35:$O$47>O38)),"") -> 0 | AN38: =IF(B38<>"",SUMPRODUCT(($E$35:$E$47=E38)*($F$35:$F$47=F38)*($G$35:$G$47=G38)*($H$35:$H$47=H38)*($I$35:$I$47=I38)*($J$35:$J$47=J38)*($K$35:$K$47=K38)*($L$35:$L$47=L38)*($M$35:$M$47=M38)*($N$35:$N$47=N38)*($O$35:$O$47=O38)*($P$35:$P$47>P38)),"") -> 0 | AO38: =IF(B38<>"",SUMPRODUCT(($E$35:$E$47=E38)*($F$35:$F$47=F38)*($G$35:$G$47=G38)*($H$35:$H$47=H38)*($I$35:$I$47=I38)*($J$35:$J$47=J38)*($K$35:$K$47=K38)*($L$35:$L$47=L38)*($M$35:$M$47=M38)*($N$35:$N$47=N38)*($O$35:$O$47=O38)*($P$35:$P$47=P38)*($Q$35:$Q$47>Q38)),"") -> 0 | AP38: =IF(B38<>"",SUMPRODUCT(($E$35:$E$47=E38)*($F$35:$F$47=F38)*($G$35:$G$47=G38)*($H$35:$H$47=H38)*($I$35:$I$47=I38)*($J$35:$J$47=J38)*($K$35:$K$47=K38)*($L$35:$L$47=L38)*($M$35:$M$47=M38)*($N$35:$N$47=N38)*($O$35:$O$47=O38)*($P$35:$P$47=P38)*($Q$35:$Q$47=Q38)*($R$35:$R$47>R38)),"") -> 0 | AQ38: =IF(B38<>"",SUMPRODUCT(($E$35:$E$47=E38)*($F$35:$F$47=F38)*($G$35:$G$47=G38)*($H$35:$H$47=H38)*($I$35:$I$47=I38)*($J$35:$J$47=J38)*($K$35:$K$47=K38)*($L$35:$L$47=L38)*($M$35:$M$47=M38)*($N$35:$N$47=N38)*($O$35:$O$47=O38)*($P$35:$P$47=P38)*($Q$35:$Q$47=Q38)*($R$35:$R$47=R38)*($S$35:$S$47>S38)),"") -> 0 | AR38: =IF(B38<>"",SUMPRODUCT(($E$35:$E$47=E38)*($F$35:$F$47=F38)*($G$35:$G$47=G38)*($H$35:$H$47=H38)*($I$35:$I$47=I38)*($J$35:$J$47=J38)*($K$35:$K$47=K38)*($L$35:$L$47=L38)*($M$35:$M$47=M38)*($N$35:$N$47=N38)*($O$35:$O$47=O38)*($P$35:$P$47=P38)*($Q$35:$Q$47=Q38)*($R$35:$R$47=R38)*($S$35:$S$47=S38)*($T$35:$T$47>T38)),"") -> 0 | AS38: =IF(B38<>"",SUMPRODUCT(($E$35:$E$47=E38)*($F$35:$F$47=F38)*($G$35:$G$47=G38)*($H$35:$H$47=H38)*($I$35:$I$47=I38)*($J$35:$J$47=J38)*($K$35:$K$47=K38)*($L$35:$L$47=L38)*($M$35:$M$47=M38)*($N$35:$N$47=N38)*($O$35:$O$47=O38)*($P$35:$P$47=P38)*($Q$35:$Q$47=Q38)*($R$35:$R$47=R38)*($S$35:$S$47=S38)*($T$35:$T$47=T38)*($U$35:$U$47>U38)),"") -> 0 | AT38: =IF(B38<>"",SUMPRODUCT(($E$35:$E$47=E38)*($F$35:$F$47=F38)*($G$35:$G$47=G38)*($H$35:$H$47=H38)*($I$35:$I$47=I38)*($J$35:$J$47=J38)*($K$35:$K$47=K38)*($L$35:$L$47=L38)*($M$35:$M$47=M38)*($N$35:$N$47=N38)*($O$35:$O$47=O38)*($P$35:$P$47=P38)*($Q$35:$Q$47=Q38)*($R$35:$R$47=R38)*($S$35:$S$47=S38)*($T$35:$T$47=T38)*($U$35:$U$47=U38)*($V$35:$V$47>V38)),"") -> 0 | AU38: =IF(B38<>"",SUMPRODUCT(($E$35:$E$47=E38)*($F$35:$F$47=F38)*($G$35:$G$47=G38)*($H$35:$H$47=H38)*($I$35:$I$47=I38)*($J$35:$J$47=J38)*($K$35:$K$47=K38)*($L$35:$L$47=L38)*($M$35:$M$47=M38)*($N$35:$N$47=N38)*($O$35:$O$47=O38)*($P$35:$P$47=P38)*($Q$35:$Q$47=Q38)*($R$35:$R$47=R38)*($S$35:$S$47=S38)*($T$35:$T$47=T38)*($U$35:$U$47=U38)*($V$35:$V$47=V38)*($W$35:$W$47>W38)),"") -> 0 | AV38: =IF(B38<>"",SUMPRODUCT(($E$35:$E$47=E38)*($F$35:$F$47=F38)*($G$35:$G$47=G38)*($H$35:$H$47=H38)*($I$35:$I$47=I38)*($J$35:$J$47=J38)*($K$35:$K$47=K38)*($L$35:$L$47=L38)*($M$35:$M$47=M38)*($N$35:$N$47=N38)*($O$35:$O$47=O38)*($P$35:$P$47=P38)*($Q$35:$Q$47=Q38)*($R$35:$R$47=R38)*($S$35:$S$47=S38)*($T$35:$T$47=T38)*($U$35:$U$47=U38)*($V$35:$V$47=V38)*($W$35:$W$47=W38)*($X$35:$X$47>X38)),"") -> 0 | AW38: =IF(B38<>"",SUMPRODUCT(($E$35:$E$47=E38)*($F$35:$F$47=F38)*($G$35:$G$47=G38)*($H$35:$H$47=H38)*($I$35:$I$47=I38)*($J$35:$J$47=J38)*($K$35:$K$47=K38)*($L$35:$L$47=L38)*($M$35:$M$47=M38)*($N$35:$N$47=N38)*($O$35:$O$47=O38)*($P$35:$P$47=P38)*($Q$35:$Q$47=Q38)*($R$35:$R$47=R38)*($S$35:$S$47=S38)*($T$35:$T$47=T38)*($U$35:$U$47=U38)*($V$35:$V$47=V38)*($W$35:$W$47=W38)*($X$35:$X$47=X38)*($Y$35:$Y$47>Y38)),"") -> 0 | AX38: =IF(B38<>"",SUMPRODUCT(($E$35:$E$47=E38)*($F$35:$F$47=F38)*($G$35:$G$47=G38)*($H$35:$H$47=H38)*($I$35:$I$47=I38)*($J$35:$J$47=J38)*($K$35:$K$47=K38)*($L$35:$L$47=L38)*($M$35:$M$47=M38)*($N$35:$N$47=N38)*($O$35:$O$47=O38)*($P$35:$P$47=P38)*($Q$35:$Q$47=Q38)*($R$35:$R$47=R38)*($S$35:$S$47=S38)*($T$35:$T$47=T38)*($U$35:$U$47=U38)*($V$35:$V$47=V38)*($W$35:$W$47=W38)*($X$35:$X$47=X38)*($Y$35:$Y$47=Y38)*($Z$35:$Z$47>Z38)),"") -> 0 | AY38: =IF(B38<>"",SUMPRODUCT(($E$35:$E$47=E38)*($F$35:$F$47=F38)*($G$35:$G$47=G38)*($H$35:$H$47=H38)*($I$35:$I$47=I38)*($J$35:$J$47=J38)*($K$35:$K$47=K38)*($L$35:$L$47=L38)*($M$35:$M$47=M38)*($N$35:$N$47=N38)*($O$35:$O$47=O38)*($P$35:$P$47=P38)*($Q$35:$Q$47=Q38)*($R$35:$R$47=R38)*($S$35:$S$47=S38)*($T$35:$T$47=T38)*($U$35:$U$47=U38)*($V$35:$V$47=V38)*($W$35:$W$47=W38)*($X$35:$X$47=X38)*($Y$35:$Y$47=Y38)*($Z$35:$Z$47=Z38)*($AA$35:$AA$47>AA38)),"") -> 0 | AZ38: =IF(B38<>"",SUMPRODUCT(($E$35:$E$47=E38)*($F$35:$F$47=F38)*($G$35:$G$47=G38)*($H$35:$H$47=H38)*($I$35:$I$47=I38)*($J$35:$J$47=J38)*($K$35:$K$47=K38)*($L$35:$L$47=L38)*($M$35:$M$47=M38)*($N$35:$N$47=N38)*($O$35:$O$47=O38)*($P$35:$P$47=P38)*($Q$35:$Q$47=Q38)*($R$35:$R$47=R38)*($S$35:$S$47=S38)*($T$35:$T$47=T38)*($U$35:$U$47=U38)*($V$35:$V$47=V38)*($W$35:$W$47=W38)*($X$35:$X$47=X38)*($Y$35:$Y$47=Y38)*($Z$35:$Z$47=Z38)*($AA$35:$AA$47=AA38)*($AB$35:$AB$47>AB38)),"") -> 0 | BA38: =IF(B38<>"",SUMPRODUCT(($E$35:$E$47=E38)*($F$35:$F$47=F38)*($G$35:$G$47=G38)*($H$35:$H$47=H38)*($I$35:$I$47=I38)*($J$35:$J$47=J38)*($K$35:$K$47=K38)*($L$35:$L$47=L38)*($M$35:$M$47=M38)*($N$35:$N$47=N38)*($O$35:$O$47=O38)*($P$35:$P$47=P38)*($Q$35:$Q$47=Q38)*($R$35:$R$47=R38)*($S$35:$S$47=S38)*($T$35:$T$47=T38)*($U$35:$U$47=U38)*($V$35:$V$47=V38)*($W$35:$W$47=W38)*($X$35:$X$47=X38)*($Y$35:$Y$47=Y38)*($Z$35:$Z$47=Z38)*($AA$35:$AA$47=AA38)*($AB$35:$AB$47=AB38)*($AC$35:$AC$47>AC38)),"") -> 0 | BB38: =IF(B38<>"",SUMPRODUCT(($E$35:$E$47=E38)*($F$35:$F$47=F38)*($G$35:$G$47=G38)*($H$35:$H$47=H38)*($I$35:$I$47=I38)*($J$35:$J$47=J38)*($K$35:$K$47=K38)*($L$35:$L$47=L38)*($M$35:$M$47=M38)*($N$35:$N$47=N38)*($O$35:$O$47=O38)*($P$35:$P$47=P38)*($Q$35:$Q$47=Q38)*($R$35:$R$47=R38)*($S$35:$S$47=S38)*($T$35:$T$47=T38)*($U$35:$U$47=U38)*($V$35:$V$47=V38)*($W$35:$W$47=W38)*($X$35:$X$47=X38)*($Y$35:$Y$47=Y38)*($Z$35:$Z$47=Z38)*($AA$35:$AA$47=AA38)*($AB$35:$AB$47=AB38)*($AC$35:$AC$47=AC38)*($BC$35:$BC$47<BC38)),"") -> 0 | BC38: =IF(B38<>"",'Equipes e Pilotos'!H6,"") -> 4
A39: =IF(B39<>"",RANK(E39,E$35:E$47)+SUM(AD39:BB39),"") -> 9 | B39: =IF('Equipes e Pilotos'!I7<>"",'Equipes e Pilotos'!I7,"") -> Williams | C39: =IF(B39<>"",VLOOKUP(B39,'Equipes e Pilotos'!$I$3:$K$15,2,FALSE),"") -> Inglaterra | D39: =IF(B39<>"",VLOOKUP(B39,'Equipes e Pilotos'!$I$3:$K$15,3,FALSE),"") -> Mercedes | E39: =IF(B39<>"",SUMIF(Resultados!E:E,B39,Resultados!F:F),"") -> 12 | F39: =IF(B39<>"",SUMPRODUCT((Resultados!$B$1:$B$602=1)*(Resultados!$E$1:$E$602=B39)*1),"") -> 0 | G39: =IF(B39<>"",SUMPRODUCT((Resultados!$B$1:$B$602=2)*(Resultados!$E$1:$E$602=B39)*1),"") -> 0 | H39: =IF(B39<>"",SUMPRODUCT((Resultados!$B$1:$B$602=3)*(Resultados!$E$1:$E$602=B39)*1),"") -> 0 | I39: =IF(B39<>"",SUMPRODUCT((Resultados!$B$1:$B$602=4)*(Resultados!$E$1:$E$602=B39)*1),"") -> 0 | J39: =IF(B39<>"",SUMPRODUCT((Resultados!$B$1:$B$602=5)*(Resultados!$E$1:$E$602=B39)*1),"") -> 0 | K39: =IF(B39<>"",SUMPRODUCT((Resultados!$B$1:$B$602=6)*(Resultados!$E$1:$E$602=B39)*1),"") -> 0 | L39: =IF(B39<>"",SUMPRODUCT((Resultados!$B$1:$B$602=7)*(Resultados!$E$1:$E$602=B39)*1),"") -> 0 | M39: =IF(B39<>"",SUMPRODUCT((Resultados!$B$1:$B$602=8)*(Resultados!$E$1:$E$602=B39)*1),"") -> 1 | N39: =IF(B39<>"",SUMPRODUCT((Resultados!$B$1:$B$602=9)*(Resultados!$E$1:$E$602=B39)*1),"") -> 3 | O39: =IF(B39<>"",SUMPRODUCT((Resultados!$B$1:$B$602=10)*(Resultados!$E$1:$E$602=B39)*1),"") -> 3 | P39: =IF(B39<>"",SUMPRODUCT((Resultados!$B$1:$B$602=11)*(Resultados!$E$1:$E$602=B39)*1),"") -> 0 | Q39: =IF(B39<>"",SUMPRODUCT((Resultados!$B$1:$B$602=12)*(Resultados!$E$1:$E$602=B39)*1),"") -> 3 | R39: =IF(B39<>"",SUMPRODUCT((Resultados!$B$1:$B$602=13)*(Resultados!$E$1:$ED$602=B39)*1),"") -> 2 | S39: =IF(B39<>"",SUMPRODUCT((Resultados!$B$1:$B$602=14)*(Resultados!$E$1:$E$602=B39)*1),"") -> 0 | T39: =IF(B39<>"",SUMPRODUCT((Resultados!$B$1:$B$602=15)*(Resultados!$E$1:$E$602=B39)*1),"") -> 4 | U39: =IF(B39<>"",SUMPRODUCT((Resultados!$B$1:$B$602=16)*(Resultados!$E$1:$E$602=B39)*1),"") -> 5 | V39: =IF(B39<>"",SUMPRODUCT((Resultados!$B$1:$B$602=17)*(Resultados!$E$1:$E$602=B39)*1),"") -> 7 | W39: =IF(B39<>"",SUMPRODUCT((Resultados!$B$1:$B$602=18)*(Resultados!$E$1:$E$602=B39)*1),"") -> 4 | X39: =IF(B39<>"",SUMPRODUCT((Resultados!$B$1:$B$602=19)*(Resultados!$E$1:$E$602=B39)*1),"") -> 2 | Y39: =IF(B39<>"",SUMPRODUCT((Resultados!$B$1:$B$602=20)*(Resultados!$E$1:$E$602=B39)*1),"") -> 4 | Z39: =IF(B39<>"",SUMPRODUCT((Resultados!$B$1:$B$602=21)*(Resultados!$E$1:$E$602=B39)*1),"") -> 3 | AA39: =IF(B39<>"",SUMPRODUCT((Resultados!$B$1:$B$602=22)*(Resultados!$E$1:$E$602=B39)*1),"") -> 1 | AB39: =IF(B39<>"",SUMPRODUCT((Resultados!$B$1:$B$602=23)*(Resultados!$E$1:$E$602=B39)*1),"") -> 0 | AC39: =IF(B39<>"",SUMPRODUCT((Resultados!$B$1:$B$602=24)*(Resultados!$E$1:$E$602=B39)*1),"") -> 0 | AD39: =IF(B39<>"",SUMPRODUCT(($E$35:$E$47=E39)*($F$35:$F$47>F39)),"") -> 0 | AE39: =IF(B39<>"",SUMPRODUCT(($E$35:$E$47=E39)*($F$35:$F$47=F39)*($G$35:$G$47>G39)),"") -> 0 | AF39: =IF(B39<>"",SUMPRODUCT(($E$35:$E$47=E39)*($F$35:$F$47=F39)*($G$35:$G$47=G39)*($H$35:$H$47>H39)),"") -> 0 | AG39: =IF(B39<>"",SUMPRODUCT(($E$35:$E$47=E39)*($F$35:$F$47=F39)*($G$35:$G$47=G39)*($H$35:$H$47=H39)*($I$35:$I$47>I39)),"") -> 0 | AH39: =IF(B39<>"",SUMPRODUCT(($E$35:$E$47=E39)*($F$35:$F$47=F39)*($G$35:$G$47=G39)*($H$35:$H$47=H39)*($I$35:$I$47=I39)*($J$35:$J$47>J39)),"") -> 0 | AI39: =IF(B39<>"",SUMPRODUCT(($E$35:$E$47=E39)*($F$35:$F$47=F39)*($G$35:$G$47=G39)*($H$35:$H$47=H39)*($I$35:$I$47=I39)*($J$35:$J$47=J39)*($K$35:$K$47>K39)),"") -> 0 | AJ39: =IF(B39<>"",SUMPRODUCT(($E$35:$E$47=E39)*($F$35:$F$47=F39)*($G$35:$G$47=G39)*($H$35:$H$47=H39)*($I$35:$I$47=I39)*($J$35:$J$47=J39)*($K$35:$K$47=K39)*($L$35:$L$47>L39)),"") -> 0 | AK39: =IF(B39<>"",SUMPRODUCT(($E$35:$E$47=E39)*($F$35:$F$47=F39)*($G$35:$G$47=G39)*($H$35:$H$47=H39)*($I$35:$I$47=I39)*($J$35:$J$47=J39)*($K$35:$K$47=K39)*($L$35:$L$47=L39)*($M$35:$M$47>M39)),"") -> 0 | AL39: =IF(B39<>"",SUMPRODUCT(($E$35:$E$47=E39)*($F$35:$F$47=F39)*($G$35:$G$47=G39)*($H$35:$H$47=H39)*($I$35:$I$47=I39)*($J$35:$J$47=J39)*($K$35:$K$47=K39)*($L$35:$L$47=L39)*($M$35:$M$47=M39)*($N$35:$N$47>N39)),"") -> 0 | AM39: =IF(B39<>"",SUMPRODUCT(($E$35:$E$47=E39)*($F$35:$F$47=F39)*($G$35:$G$47=G39)*($H$35:$H$47=H39)*($I$35:$I$47=I39)*($J$35:$J$47=J39)*($K$35:$K$47=K39)*($L$35:$L$47=L39)*($M$35:$M$47=M39)*($N$35:$N$47=N39)*($O$35:$O$47>O39)),"") -> 0 | AN39: =IF(B39<>"",SUMPRODUCT(($E$35:$E$47=E39)*($F$35:$F$47=F39)*($G$35:$G$47=G39)*($H$35:$H$47=H39)*($I$35:$I$47=I39)*($J$35:$J$47=J39)*($K$35:$K$47=K39)*($L$35:$L$47=L39)*($M$35:$M$47=M39)*($N$35:$N$47=N39)*($O$35:$O$47=O39)*($P$35:$P$47>P39)),"") -> 0 | AO39: =IF(B39<>"",SUMPRODUCT(($E$35:$E$47=E39)*($F$35:$F$47=F39)*($G$35:$G$47=G39)*($H$35:$H$47=H39)*($I$35:$I$47=I39)*($J$35:$J$47=J39)*($K$35:$K$47=K39)*($L$35:$L$47=L39)*($M$35:$M$47=M39)*($N$35:$N$47=N39)*($O$35:$O$47=O39)*($P$35:$P$47=P39)*($Q$35:$Q$47>Q39)),"") -> 0 | AP39: =IF(B39<>"",SUMPRODUCT(($E$35:$E$47=E39)*($F$35:$F$47=F39)*($G$35:$G$47=G39)*($H$35:$H$47=H39)*($I$35:$I$47=I39)*($J$35:$J$47=J39)*($K$35:$K$47=K39)*($L$35:$L$47=L39)*($M$35:$M$47=M39)*($N$35:$N$47=N39)*($O$35:$O$47=O39)*($P$35:$P$47=P39)*($Q$35:$Q$47=Q39)*($R$35:$R$47>R39)),"") -> 0 | AQ39: =IF(B39<>"",SUMPRODUCT(($E$35:$E$47=E39)*($F$35:$F$47=F39)*($G$35:$G$47=G39)*($H$35:$H$47=H39)*($I$35:$I$47=I39)*($J$35:$J$47=J39)*($K$35:$K$47=K39)*($L$35:$L$47=L39)*($M$35:$M$47=M39)*($N$35:$N$47=N39)*($O$35:$O$47=O39)*($P$35:$P$47=P39)*($Q$35:$Q$47=Q39)*($R$35:$R$47=R39)*($S$35:$S$47>S39)),"") -> 0 | AR39: =IF(B39<>"",SUMPRODUCT(($E$35:$E$47=E39)*($F$35:$F$47=F39)*($G$35:$G$47=G39)*($H$35:$H$47=H39)*($I$35:$I$47=I39)*($J$35:$J$47=J39)*($K$35:$K$47=K39)*($L$35:$L$47=L39)*($M$35:$M$47=M39)*($N$35:$N$47=N39)*($O$35:$O$47=O39)*($P$35:$P$47=P39)*($Q$35:$Q$47=Q39)*($R$35:$R$47=R39)*($S$35:$S$47=S39)*($T$35:$T$47>T39)),"") -> 0 | AS39: =IF(B39<>"",SUMPRODUCT(($E$35:$E$47=E39)*($F$35:$F$47=F39)*($G$35:$G$47=G39)*($H$35:$H$47=H39)*($I$35:$I$47=I39)*($J$35:$J$47=J39)*($K$35:$K$47=K39)*($L$35:$L$47=L39)*($M$35:$M$47=M39)*($N$35:$N$47=N39)*($O$35:$O$47=O39)*($P$35:$P$47=P39)*($Q$35:$Q$47=Q39)*($R$35:$R$47=R39)*($S$35:$S$47=S39)*($T$35:$T$47=T39)*($U$35:$U$47>U39)),"") -> 0 | AT39: =IF(B39<>"",SUMPRODUCT(($E$35:$E$47=E39)*($F$35:$F$47=F39)*($G$35:$G$47=G39)*($H$35:$H$47=H39)*($I$35:$I$47=I39)*($J$35:$J$47=J39)*($K$35:$K$47=K39)*($L$35:$L$47=L39)*($M$35:$M$47=M39)*($N$35:$N$47=N39)*($O$35:$O$47=O39)*($P$35:$P$47=P39)*($Q$35:$Q$47=Q39)*($R$35:$R$47=R39)*($S$35:$S$47=S39)*($T$35:$T$47=T39)*($U$35:$U$47=U39)*($V$35:$V$47>V39)),"") -> 0 | AU39: =IF(B39<>"",SUMPRODUCT(($E$35:$E$47=E39)*($F$35:$F$47=F39)*($G$35:$G$47=G39)*($H$35:$H$47=H39)*($I$35:$I$47=I39)*($J$35:$J$47=J39)*($K$35:$K$47=K39)*($L$35:$L$47=L39)*($M$35:$M$47=M39)*($N$35:$N$47=N39)*($O$35:$O$47=O39)*($P$35:$P$47=P39)*($Q$35:$Q$47=Q39)*($R$35:$R$47=R39)*($S$35:$S$47=S39)*($T$35:$T$47=T39)*($U$35:$U$47=U39)*($V$35:$V$47=V39)*($W$35:$W$47>W39)),"") -> 0 | AV39: =IF(B39<>"",SUMPRODUCT(($E$35:$E$47=E39)*($F$35:$F$47=F39)*($G$35:$G$47=G39)*($H$35:$H$47=H39)*($I$35:$I$47=I39)*($J$35:$J$47=J39)*($K$35:$K$47=K39)*($L$35:$L$47=L39)*($M$35:$M$47=M39)*($N$35:$N$47=N39)*($O$35:$O$47=O39)*($P$35:$P$47=P39)*($Q$35:$Q$47=Q39)*($R$35:$R$47=R39)*($S$35:$S$47=S39)*($T$35:$T$47=T39)*($U$35:$U$47=U39)*($V$35:$V$47=V39)*($W$35:$W$47=W39)*($X$35:$X$47>X39)),"") -> 0 | AW39: =IF(B39<>"",SUMPRODUCT(($E$35:$E$47=E39)*($F$35:$F$47=F39)*($G$35:$G$47=G39)*($H$35:$H$47=H39)*($I$35:$I$47=I39)*($J$35:$J$47=J39)*($K$35:$K$47=K39)*($L$35:$L$47=L39)*($M$35:$M$47=M39)*($N$35:$N$47=N39)*($O$35:$O$47=O39)*($P$35:$P$47=P39)*($Q$35:$Q$47=Q39)*($R$35:$R$47=R39)*($S$35:$S$47=S39)*($T$35:$T$47=T39)*($U$35:$U$47=U39)*($V$35:$V$47=V39)*($W$35:$W$47=W39)*($X$35:$X$47=X39)*($Y$35:$Y$47>Y39)),"") -> 0 | AX39: =IF(B39<>"",SUMPRODUCT(($E$35:$E$47=E39)*($F$35:$F$47=F39)*($G$35:$G$47=G39)*($H$35:$H$47=H39)*($I$35:$I$47=I39)*($J$35:$J$47=J39)*($K$35:$K$47=K39)*($L$35:$L$47=L39)*($M$35:$M$47=M39)*($N$35:$N$47=N39)*($O$35:$O$47=O39)*($P$35:$P$47=P39)*($Q$35:$Q$47=Q39)*($R$35:$R$47=R39)*($S$35:$S$47=S39)*($T$35:$T$47=T39)*($U$35:$U$47=U39)*($V$35:$V$47=V39)*($W$35:$W$47=W39)*($X$35:$X$47=X39)*($Y$35:$Y$47=Y39)*($Z$35:$Z$47>Z39)),"") -> 0 | AY39: =IF(B39<>"",SUMPRODUCT(($E$35:$E$47=E39)*($F$35:$F$47=F39)*($G$35:$G$47=G39)*($H$35:$H$47=H39)*($I$35:$I$47=I39)*($J$35:$J$47=J39)*($K$35:$K$47=K39)*($L$35:$L$47=L39)*($M$35:$M$47=M39)*($N$35:$N$47=N39)*($O$35:$O$47=O39)*($P$35:$P$47=P39)*($Q$35:$Q$47=Q39)*($R$35:$R$47=R39)*($S$35:$S$47=S39)*($T$35:$T$47=T39)*($U$35:$U$47=U39)*($V$35:$V$47=V39)*($W$35:$W$47=W39)*($X$35:$X$47=X39)*($Y$35:$Y$47=Y39)*($Z$35:$Z$47=Z39)*($AA$35:$AA$47>AA39)),"") -> 0 | AZ39: =IF(B39<>"",SUMPRODUCT(($E$35:$E$47=E39)*($F$35:$F$47=F39)*($G$35:$G$47=G39)*($H$35:$H$47=H39)*($I$35:$I$47=I39)*($J$35:$J$47=J39)*($K$35:$K$47=K39)*($L$35:$L$47=L39)*($M$35:$M$47=M39)*($N$35:$N$47=N39)*($O$35:$O$47=O39)*($P$35:$P$47=P39)*($Q$35:$Q$47=Q39)*($R$35:$R$47=R39)*($S$35:$S$47=S39)*($T$35:$T$47=T39)*($U$35:$U$47=U39)*($V$35:$V$47=V39)*($W$35:$W$47=W39)*($X$35:$X$47=X39)*($Y$35:$Y$47=Y39)*($Z$35:$Z$47=Z39)*($AA$35:$AA$47=AA39)*($AB$35:$AB$47>AB39)),"") -> 0 | BA39: =IF(B39<>"",SUMPRODUCT(($E$35:$E$47=E39)*($F$35:$F$47=F39)*($G$35:$G$47=G39)*($H$35:$H$47=H39)*($I$35:$I$47=I39)*($J$35:$J$47=J39)*($K$35:$K$47=K39)*($L$35:$L$47=L39)*($M$35:$M$47=M39)*($N$35:$N$47=N39)*($O$35:$O$47=O39)*($P$35:$P$47=P39)*($Q$35:$Q$47=Q39)*($R$35:$R$47=R39)*($S$35:$S$47=S39)*($T$35:$T$47=T39)*($U$35:$U$47=U39)*($V$35:$V$47=V39)*($W$35:$W$47=W39)*($X$35:$X$47=X39)*($Y$35:$Y$47=Y39)*($Z$35:$Z$47=Z39)*($AA$35:$AA$47=AA39)*($AB$35:$AB$47=AB39)*($AC$35:$AC$47>AC39)),"") -> 0 | BB39: =IF(B39<>"",SUMPRODUCT(($E$35:$E$47=E39)*($F$35:$F$47=F39)*($G$35:$G$47=G39)*($H$35:$H$47=H39)*($I$35:$I$47=I39)*($J$35:$J$47=J39)*($K$35:$K$47=K39)*($L$35:$L$47=L39)*($M$35:$M$47=M39)*($N$35:$N$47=N39)*($O$35:$O$47=O39)*($P$35:$P$47=P39)*($Q$35:$Q$47=Q39)*($R$35:$R$47=R39)*($S$35:$S$47=S39)*($T$35:$T$47=T39)*($U$35:$U$47=U39)*($V$35:$V$47=V39)*($W$35:$W$47=W39)*($X$35:$X$47=X39)*($Y$35:$Y$47=Y39)*($Z$35:$Z$47=Z39)*($AA$35:$AA$47=AA39)*($AB$35:$AB$47=AB39)*($AC$35:$AC$47=AC39)*($BC$35:$BC$47<BC39)),"") -> 0 | BC39: =IF(B39<>"",'Equipes e Pilotos'!H7,"") -> 5
A40: =IF(B40<>"",RANK(E40,E$35:E$47)+SUM(AD40:BB40),"") -> 5 | B40: =IF('Equipes e Pilotos'!I8<>"",'Equipes e Pilotos'!I8,"") -> Racing Bulls | C40: =IF(B40<>"",VLOOKUP(B40,'Equipes e Pilotos'!$I$3:$K$15,2,FALSE),"") -> Itália | D40: =IF(B40<>"",VLOOKUP(B40,'Equipes e Pilotos'!$I$3:$K$15,3,FALSE),"") -> RB Ford | E40: =IF(B40<>"",SUMIF(Resultados!E:E,B40,Resultados!F:F),"")-6 -> 108 | F40: =IF(B40<>"",SUMPRODUCT((Resultados!$B$1:$B$602=1)*(Resultados!$E$1:$E$602=B40)*1),"") -> 0 | G40: =IF(B40<>"",SUMPRODUCT((Resultados!$B$1:$B$602=2)*(Resultados!$E$1:$E$602=B40)*1),"") -> 0 | H40: =IF(B40<>"",SUMPRODUCT((Resultados!$B$1:$B$602=3)*(Resultados!$E$1:$E$602=B40)*1),"") -> 0 | I40: =IF(B40<>"",SUMPRODUCT((Resultados!$B$1:$B$602=4)*(Resultados!$E$1:$E$602=B40)*1),"") -> 0 | J40: =IF(B40<>"",SUMPRODUCT((Resultados!$B$1:$B$602=5)*(Resultados!$E$1:$E$602=B40)*1),"") -> 1 | K40: =IF(B40<>"",SUMPRODUCT((Resultados!$B$1:$B$602=6)*(Resultados!$E$1:$E$602=B40)*1),"") -> 3 | L40: =IF(B40<>"",SUMPRODUCT((Resultados!$B$1:$B$602=7)*(Resultados!$E$1:$E$602=B40)*1),"") -> 7 | M40: =IF(B40<>"",SUMPRODUCT((Resultados!$B$1:$B$602=8)*(Resultados!$E$1:$E$602=B40)*1),"") -> 6 | N40: =IF(B40<>"",SUMPRODUCT((Resultados!$B$1:$B$602=9)*(Resultados!$E$1:$E$602=B40)*1),"") -> 5 | O40: =IF(B40<>"",SUMPRODUCT((Resultados!$B$1:$B$602=10)*(Resultados!$E$1:$E$602=B40)*1),"") -> 6 | P40: =IF(B40<>"",SUMPRODUCT((Resultados!$B$1:$B$602=11)*(Resultados!$E$1:$E$602=B40)*1),"") -> 3 | Q40: =IF(B40<>"",SUMPRODUCT((Resultados!$B$1:$B$602=12)*(Resultados!$E$1:$E$602=B40)*1),"") -> 4 | R40: =IF(B40<>"",SUMPRODUCT((Resultados!$B$1:$B$602=13)*(Resultados!$E$1:$ED$602=B40)*1),"") -> 2 | S40: =IF(B40<>"",SUMPRODUCT((Resultados!$B$1:$B$602=14)*(Resultados!$E$1:$E$602=B40)*1),"") -> 5 | T40: =IF(B40<>"",SUMPRODUCT((Resultados!$B$1:$B$602=15)*(Resultados!$E$1:$E$602=B40)*1),"") -> 0 | U40: =IF(B40<>"",SUMPRODUCT((Resultados!$B$1:$B$602=16)*(Resultados!$E$1:$E$602=B40)*1),"") -> 0 | V40: =IF(B40<>"",SUMPRODUCT((Resultados!$B$1:$B$602=17)*(Resultados!$E$1:$E$602=B40)*1),"") -> 0 | W40: =IF(B40<>"",SUMPRODUCT((Resultados!$B$1:$B$602=18)*(Resultados!$E$1:$E$602=B40)*1),"") -> 0 | X40: =IF(B40<>"",SUMPRODUCT((Resultados!$B$1:$B$602=19)*(Resultados!$E$1:$E$602=B40)*1),"") -> 0 | Y40: =IF(B40<>"",SUMPRODUCT((Resultados!$B$1:$B$602=20)*(Resultados!$E$1:$E$602=B40)*1),"") -> 1 | Z40: =IF(B40<>"",SUMPRODUCT((Resultados!$B$1:$B$602=21)*(Resultados!$E$1:$E$602=B40)*1),"") -> 1 | AA40: =IF(B40<>"",SUMPRODUCT((Resultados!$B$1:$B$602=22)*(Resultados!$E$1:$E$602=B40)*1),"") -> 2 | AB40: =IF(B40<>"",SUMPRODUCT((Resultados!$B$1:$B$602=23)*(Resultados!$E$1:$E$602=B40)*1),"") -> 0 | AC40: =IF(B40<>"",SUMPRODUCT((Resultados!$B$1:$B$602=24)*(Resultados!$E$1:$E$602=B40)*1),"") -> 0 | AD40: =IF(B40<>"",SUMPRODUCT(($E$35:$E$47=E40)*($F$35:$F$47>F40)),"") -> 0 | AE40: =IF(B40<>"",SUMPRODUCT(($E$35:$E$47=E40)*($F$35:$F$47=F40)*($G$35:$G$47>G40)),"") -> 0 | AF40: =IF(B40<>"",SUMPRODUCT(($E$35:$E$47=E40)*($F$35:$F$47=F40)*($G$35:$G$47=G40)*($H$35:$H$47>H40)),"") -> 0 | AG40: =IF(B40<>"",SUMPRODUCT(($E$35:$E$47=E40)*($F$35:$F$47=F40)*($G$35:$G$47=G40)*($H$35:$H$47=H40)*($I$35:$I$47>I40)),"") -> 0 | AH40: =IF(B40<>"",SUMPRODUCT(($E$35:$E$47=E40)*($F$35:$F$47=F40)*($G$35:$G$47=G40)*($H$35:$H$47=H40)*($I$35:$I$47=I40)*($J$35:$J$47>J40)),"") -> 0 | AI40: =IF(B40<>"",SUMPRODUCT(($E$35:$E$47=E40)*($F$35:$F$47=F40)*($G$35:$G$47=G40)*($H$35:$H$47=H40)*($I$35:$I$47=I40)*($J$35:$J$47=J40)*($K$35:$K$47>K40)),"") -> 0 | AJ40: =IF(B40<>"",SUMPRODUCT(($E$35:$E$47=E40)*($F$35:$F$47=F40)*($G$35:$G$47=G40)*($H$35:$H$47=H40)*($I$35:$I$47=I40)*($J$35:$J$47=J40)*($K$35:$K$47=K40)*($L$35:$L$47>L40)),"") -> 0 | AK40: =IF(B40<>"",SUMPRODUCT(($E$35:$E$47=E40)*($F$35:$F$47=F40)*($G$35:$G$47=G40)*($H$35:$H$47=H40)*($I$35:$I$47=I40)*($J$35:$J$47=J40)*($K$35:$K$47=K40)*($L$35:$L$47=L40)*($M$35:$M$47>M40)),"") -> 0 | AL40: =IF(B40<>"",SUMPRODUCT(($E$35:$E$47=E40)*($F$35:$F$47=F40)*($G$35:$G$47=G40)*($H$35:$H$47=H40)*($I$35:$I$47=I40)*($J$35:$J$47=J40)*($K$35:$K$47=K40)*($L$35:$L$47=L40)*($M$35:$M$47=M40)*($N$35:$N$47>N40)),"") -> 0 | AM40: =IF(B40<>"",SUMPRODUCT(($E$35:$E$47=E40)*($F$35:$F$47=F40)*($G$35:$G$47=G40)*($H$35:$H$47=H40)*($I$35:$I$47=I40)*($J$35:$J$47=J40)*($K$35:$K$47=K40)*($L$35:$L$47=L40)*($M$35:$M$47=M40)*($N$35:$N$47=N40)*($O$35:$O$47>O40)),"") -> 0 | AN40: =IF(B40<>"",SUMPRODUCT(($E$35:$E$47=E40)*($F$35:$F$47=F40)*($G$35:$G$47=G40)*($H$35:$H$47=H40)*($I$35:$I$47=I40)*($J$35:$J$47=J40)*($K$35:$K$47=K40)*($L$35:$L$47=L40)*($M$35:$M$47=M40)*($N$35:$N$47=N40)*($O$35:$O$47=O40)*($P$35:$P$47>P40)),"") -> 0 | AO40: =IF(B40<>"",SUMPRODUCT(($E$35:$E$47=E40)*($F$35:$F$47=F40)*($G$35:$G$47=G40)*($H$35:$H$47=H40)*($I$35:$I$47=I40)*($J$35:$J$47=J40)*($K$35:$K$47=K40)*($L$35:$L$47=L40)*($M$35:$M$47=M40)*($N$35:$N$47=N40)*($O$35:$O$47=O40)*($P$35:$P$47=P40)*($Q$35:$Q$47>Q40)),"") -> 0 | AP40: =IF(B40<>"",SUMPRODUCT(($E$35:$E$47=E40)*($F$35:$F$47=F40)*($G$35:$G$47=G40)*($H$35:$H$47=H40)*($I$35:$I$47=I40)*($J$35:$J$47=J40)*($K$35:$K$47=K40)*($L$35:$L$47=L40)*($M$35:$M$47=M40)*($N$35:$N$47=N40)*($O$35:$O$47=O40)*($P$35:$P$47=P40)*($Q$35:$Q$47=Q40)*($R$35:$R$47>R40)),"") -> 0 | AQ40: =IF(B40<>"",SUMPRODUCT(($E$35:$E$47=E40)*($F$35:$F$47=F40)*($G$35:$G$47=G40)*($H$35:$H$47=H40)*($I$35:$I$47=I40)*($J$35:$J$47=J40)*($K$35:$K$47=K40)*($L$35:$L$47=L40)*($M$35:$M$47=M40)*($N$35:$N$47=N40)*($O$35:$O$47=O40)*($P$35:$P$47=P40)*($Q$35:$Q$47=Q40)*($R$35:$R$47=R40)*($S$35:$S$47>S40)),"") -> 0 | AR40: =IF(B40<>"",SUMPRODUCT(($E$35:$E$47=E40)*($F$35:$F$47=F40)*($G$35:$G$47=G40)*($H$35:$H$47=H40)*($I$35:$I$47=I40)*($J$35:$J$47=J40)*($K$35:$K$47=K40)*($L$35:$L$47=L40)*($M$35:$M$47=M40)*($N$35:$N$47=N40)*($O$35:$O$47=O40)*($P$35:$P$47=P40)*($Q$35:$Q$47=Q40)*($R$35:$R$47=R40)*($S$35:$S$47=S40)*($T$35:$T$47>T40)),"") -> 0 | AS40: =IF(B40<>"",SUMPRODUCT(($E$35:$E$47=E40)*($F$35:$F$47=F40)*($G$35:$G$47=G40)*($H$35:$H$47=H40)*($I$35:$I$47=I40)*($J$35:$J$47=J40)*($K$35:$K$47=K40)*($L$35:$L$47=L40)*($M$35:$M$47=M40)*($N$35:$N$47=N40)*($O$35:$O$47=O40)*($P$35:$P$47=P40)*($Q$35:$Q$47=Q40)*($R$35:$R$47=R40)*($S$35:$S$47=S40)*($T$35:$T$47=T40)*($U$35:$U$47>U40)),"") -> 0 | AT40: =IF(B40<>"",SUMPRODUCT(($E$35:$E$47=E40)*($F$35:$F$47=F40)*($G$35:$G$47=G40)*($H$35:$H$47=H40)*($I$35:$I$47=I40)*($J$35:$J$47=J40)*($K$35:$K$47=K40)*($L$35:$L$47=L40)*($M$35:$M$47=M40)*($N$35:$N$47=N40)*($O$35:$O$47=O40)*($P$35:$P$47=P40)*($Q$35:$Q$47=Q40)*($R$35:$R$47=R40)*($S$35:$S$47=S40)*($T$35:$T$47=T40)*($U$35:$U$47=U40)*($V$35:$V$47>V40)),"") -> 0 | AU40: =IF(B40<>"",SUMPRODUCT(($E$35:$E$47=E40)*($F$35:$F$47=F40)*($G$35:$G$47=G40)*($H$35:$H$47=H40)*($I$35:$I$47=I40)*($J$35:$J$47=J40)*($K$35:$K$47=K40)*($L$35:$L$47=L40)*($M$35:$M$47=M40)*($N$35:$N$47=N40)*($O$35:$O$47=O40)*($P$35:$P$47=P40)*($Q$35:$Q$47=Q40)*($R$35:$R$47=R40)*($S$35:$S$47=S40)*($T$35:$T$47=T40)*($U$35:$U$47=U40)*($V$35:$V$47=V40)*($W$35:$W$47>W40)),"") -> 0 | AV40: =IF(B40<>"",SUMPRODUCT(($E$35:$E$47=E40)*($F$35:$F$47=F40)*($G$35:$G$47=G40)*($H$35:$H$47=H40)*($I$35:$I$47=I40)*($J$35:$J$47=J40)*($K$35:$K$47=K40)*($L$35:$L$47=L40)*($M$35:$M$47=M40)*($N$35:$N$47=N40)*($O$35:$O$47=O40)*($P$35:$P$47=P40)*($Q$35:$Q$47=Q40)*($R$35:$R$47=R40)*($S$35:$S$47=S40)*($T$35:$T$47=T40)*($U$35:$U$47=U40)*($V$35:$V$47=V40)*($W$35:$W$47=W40)*($X$35:$X$47>X40)),"") -> 0 | AW40: =IF(B40<>"",SUMPRODUCT(($E$35:$E$47=E40)*($F$35:$F$47=F40)*($G$35:$G$47=G40)*($H$35:$H$47=H40)*($I$35:$I$47=I40)*($J$35:$J$47=J40)*($K$35:$K$47=K40)*($L$35:$L$47=L40)*($M$35:$M$47=M40)*($N$35:$N$47=N40)*($O$35:$O$47=O40)*($P$35:$P$47=P40)*($Q$35:$Q$47=Q40)*($R$35:$R$47=R40)*($S$35:$S$47=S40)*($T$35:$T$47=T40)*($U$35:$U$47=U40)*($V$35:$V$47=V40)*($W$35:$W$47=W40)*($X$35:$X$47=X40)*($Y$35:$Y$47>Y40)),"") -> 0 | AX40: =IF(B40<>"",SUMPRODUCT(($E$35:$E$47=E40)*($F$35:$F$47=F40)*($G$35:$G$47=G40)*($H$35:$H$47=H40)*($I$35:$I$47=I40)*($J$35:$J$47=J40)*($K$35:$K$47=K40)*($L$35:$L$47=L40)*($M$35:$M$47=M40)*($N$35:$N$47=N40)*($O$35:$O$47=O40)*($P$35:$P$47=P40)*($Q$35:$Q$47=Q40)*($R$35:$R$47=R40)*($S$35:$S$47=S40)*($T$35:$T$47=T40)*($U$35:$U$47=U40)*($V$35:$V$47=V40)*($W$35:$W$47=W40)*($X$35:$X$47=X40)*($Y$35:$Y$47=Y40)*($Z$35:$Z$47>Z40)),"") -> 0 | AY40: =IF(B40<>"",SUMPRODUCT(($E$35:$E$47=E40)*($F$35:$F$47=F40)*($G$35:$G$47=G40)*($H$35:$H$47=H40)*($I$35:$I$47=I40)*($J$35:$J$47=J40)*($K$35:$K$47=K40)*($L$35:$L$47=L40)*($M$35:$M$47=M40)*($N$35:$N$47=N40)*($O$35:$O$47=O40)*($P$35:$P$47=P40)*($Q$35:$Q$47=Q40)*($R$35:$R$47=R40)*($S$35:$S$47=S40)*($T$35:$T$47=T40)*($U$35:$U$47=U40)*($V$35:$V$47=V40)*($W$35:$W$47=W40)*($X$35:$X$47=X40)*($Y$35:$Y$47=Y40)*($Z$35:$Z$47=Z40)*($AA$35:$AA$47>AA40)),"") -> 0 | AZ40: =IF(B40<>"",SUMPRODUCT(($E$35:$E$47=E40)*($F$35:$F$47=F40)*($G$35:$G$47=G40)*($H$35:$H$47=H40)*($I$35:$I$47=I40)*($J$35:$J$47=J40)*($K$35:$K$47=K40)*($L$35:$L$47=L40)*($M$35:$M$47=M40)*($N$35:$N$47=N40)*($O$35:$O$47=O40)*($P$35:$P$47=P40)*($Q$35:$Q$47=Q40)*($R$35:$R$47=R40)*($S$35:$S$47=S40)*($T$35:$T$47=T40)*($U$35:$U$47=U40)*($V$35:$V$47=V40)*($W$35:$W$47=W40)*($X$35:$X$47=X40)*($Y$35:$Y$47=Y40)*($Z$35:$Z$47=Z40)*($AA$35:$AA$47=AA40)*($AB$35:$AB$47>AB40)),"") -> 0 | BA40: =IF(B40<>"",SUMPRODUCT(($E$35:$E$47=E40)*($F$35:$F$47=F40)*($G$35:$G$47=G40)*($H$35:$H$47=H40)*($I$35:$I$47=I40)*($J$35:$J$47=J40)*($K$35:$K$47=K40)*($L$35:$L$47=L40)*($M$35:$M$47=M40)*($N$35:$N$47=N40)*($O$35:$O$47=O40)*($P$35:$P$47=P40)*($Q$35:$Q$47=Q40)*($R$35:$R$47=R40)*($S$35:$S$47=S40)*($T$35:$T$47=T40)*($U$35:$U$47=U40)*($V$35:$V$47=V40)*($W$35:$W$47=W40)*($X$35:$X$47=X40)*($Y$35:$Y$47=Y40)*($Z$35:$Z$47=Z40)*($AA$35:$AA$47=AA40)*($AB$35:$AB$47=AB40)*($AC$35:$AC$47>AC40)),"") -> 0 | BB40: =IF(B40<>"",SUMPRODUCT(($E$35:$E$47=E40)*($F$35:$F$47=F40)*($G$35:$G$47=G40)*($H$35:$H$47=H40)*($I$35:$I$47=I40)*($J$35:$J$47=J40)*($K$35:$K$47=K40)*($L$35:$L$47=L40)*($M$35:$M$47=M40)*($N$35:$N$47=N40)*($O$35:$O$47=O40)*($P$35:$P$47=P40)*($Q$35:$Q$47=Q40)*($R$35:$R$47=R40)*($S$35:$S$47=S40)*($T$35:$T$47=T40)*($U$35:$U$47=U40)*($V$35:$V$47=V40)*($W$35:$W$47=W40)*($X$35:$X$47=X40)*($Y$35:$Y$47=Y40)*($Z$35:$Z$47=Z40)*($AA$35:$AA$47=AA40)*($AB$35:$AB$47=AB40)*($AC$35:$AC$47=AC40)*($BC$35:$BC$47<BC40)),"") -> 0 | BC40: =IF(B40<>"",'Equipes e Pilotos'!H8,"") -> 6
A41: =IF(B41<>"",RANK(E41,E$35:E$47)+SUM(AD41:BB41),"") -> 7 | B41: =IF('Equipes e Pilotos'!I9<>"",'Equipes e Pilotos'!I9,"") -> Haas | C41: =IF(B41<>"",VLOOKUP(B41,'Equipes e Pilotos'!$I$3:$K$15,2,FALSE),"") -> USA | D41: =IF(B41<>"",VLOOKUP(B41,'Equipes e Pilotos'!$I$3:$K$15,3,FALSE),"") -> Ferrari | E41: =IF(B41<>"",SUMIF(Resultados!E:E,B41,Resultados!F:F),"") -> 30 | F41: =IF(B41<>"",SUMPRODUCT((Resultados!$B$1:$B$602=1)*(Resultados!$E$1:$E$602=B41)*1),"") -> 0 | G41: =IF(B41<>"",SUMPRODUCT((Resultados!$B$1:$B$602=2)*(Resultados!$E$1:$E$602=B41)*1),"") -> 0 | H41: =IF(B41<>"",SUMPRODUCT((Resultados!$B$1:$B$602=3)*(Resultados!$E$1:$E$602=B41)*1),"") -> 0 | I41: =IF(B41<>"",SUMPRODUCT((Resultados!$B$1:$B$602=4)*(Resultados!$E$1:$E$602=B41)*1),"") -> 0 | J41: =IF(B41<>"",SUMPRODUCT((Resultados!$B$1:$B$602=5)*(Resultados!$E$1:$E$602=B41)*1),"") -> 1 | K41: =IF(B41<>"",SUMPRODUCT((Resultados!$B$1:$B$602=6)*(Resultados!$E$1:$E$602=B41)*1),"") -> 0 | L41: =IF(B41<>"",SUMPRODUCT((Resultados!$B$1:$B$602=7)*(Resultados!$E$1:$E$602=B41)*1),"") -> 1 | M41: =IF(B41<>"",SUMPRODUCT((Resultados!$B$1:$B$602=8)*(Resultados!$E$1:$E$602=B41)*1),"") -> 2 | N41: =IF(B41<>"",SUMPRODUCT((Resultados!$B$1:$B$602=9)*(Resultados!$E$1:$E$602=B41)*1),"") -> 2 | O41: =IF(B41<>"",SUMPRODUCT((Resultados!$B$1:$B$602=10)*(Resultados!$E$1:$E$602=B41)*1),"") -> 3 | P41: =IF(B41<>"",SUMPRODUCT((Resultados!$B$1:$B$602=11)*(Resultados!$E$1:$E$602=B41)*1),"") -> 4 | Q41: =IF(B41<>"",SUMPRODUCT((Resultados!$B$1:$B$602=12)*(Resultados!$E$1:$E$602=B41)*1),"") -> 2 | R41: =IF(B41<>"",SUMPRODUCT((Resultados!$B$1:$B$602=13)*(Resultados!$E$1:$ED$602=B41)*1),"") -> 4 | S41: =IF(B41<>"",SUMPRODUCT((Resultados!$B$1:$B$602=14)*(Resultados!$E$1:$E$602=B41)*1),"") -> 7 | T41: =IF(B41<>"",SUMPRODUCT((Resultados!$B$1:$B$602=15)*(Resultados!$E$1:$E$602=B41)*1),"") -> 3 | U41: =IF(B41<>"",SUMPRODUCT((Resultados!$B$1:$B$602=16)*(Resultados!$E$1:$E$602=B41)*1),"") -> 5 | V41: =IF(B41<>"",SUMPRODUCT((Resultados!$B$1:$B$602=17)*(Resultados!$E$1:$E$602=B41)*1),"") -> 2 | W41: =IF(B41<>"",SUMPRODUCT((Resultados!$B$1:$B$602=18)*(Resultados!$E$1:$E$602=B41)*1),"") -> 1 | X41: =IF(B41<>"",SUMPRODUCT((Resultados!$B$1:$B$602=19)*(Resultados!$E$1:$E$602=B41)*1),"") -> 2 | Y41: =IF(B41<>"",SUMPRODUCT((Resultados!$B$1:$B$602=20)*(Resultados!$E$1:$E$602=B41)*1),"") -> 1 | Z41: =IF(B41<>"",SUMPRODUCT((Resultados!$B$1:$B$602=21)*(Resultados!$E$1:$E$602=B41)*1),"") -> 1 | AA41: =IF(B41<>"",SUMPRODUCT((Resultados!$B$1:$B$602=22)*(Resultados!$E$1:$E$602=B41)*1),"") -> 1 | AB41: =IF(B41<>"",SUMPRODUCT((Resultados!$B$1:$B$602=23)*(Resultados!$E$1:$E$602=B41)*1),"") -> 0 | AC41: =IF(B41<>"",SUMPRODUCT((Resultados!$B$1:$B$602=24)*(Resultados!$E$1:$E$602=B41)*1),"") -> 0 | AD41: =IF(B41<>"",SUMPRODUCT(($E$35:$E$47=E41)*($F$35:$F$47>F41)),"") -> 0 | AE41: =IF(B41<>"",SUMPRODUCT(($E$35:$E$47=E41)*($F$35:$F$47=F41)*($G$35:$G$47>G41)),"") -> 0 | AF41: =IF(B41<>"",SUMPRODUCT(($E$35:$E$47=E41)*($F$35:$F$47=F41)*($G$35:$G$47=G41)*($H$35:$H$47>H41)),"") -> 0 | AG41: =IF(B41<>"",SUMPRODUCT(($E$35:$E$47=E41)*($F$35:$F$47=F41)*($G$35:$G$47=G41)*($H$35:$H$47=H41)*($I$35:$I$47>I41)),"") -> 0 | AH41: =IF(B41<>"",SUMPRODUCT(($E$35:$E$47=E41)*($F$35:$F$47=F41)*($G$35:$G$47=G41)*($H$35:$H$47=H41)*($I$35:$I$47=I41)*($J$35:$J$47>J41)),"") -> 0 | AI41: =IF(B41<>"",SUMPRODUCT(($E$35:$E$47=E41)*($F$35:$F$47=F41)*($G$35:$G$47=G41)*($H$35:$H$47=H41)*($I$35:$I$47=I41)*($J$35:$J$47=J41)*($K$35:$K$47>K41)),"") -> 0 | AJ41: =IF(B41<>"",SUMPRODUCT(($E$35:$E$47=E41)*($F$35:$F$47=F41)*($G$35:$G$47=G41)*($H$35:$H$47=H41)*($I$35:$I$47=I41)*($J$35:$J$47=J41)*($K$35:$K$47=K41)*($L$35:$L$47>L41)),"") -> 0 | AK41: =IF(B41<>"",SUMPRODUCT(($E$35:$E$47=E41)*($F$35:$F$47=F41)*($G$35:$G$47=G41)*($H$35:$H$47=H41)*($I$35:$I$47=I41)*($J$35:$J$47=J41)*($K$35:$K$47=K41)*($L$35:$L$47=L41)*($M$35:$M$47>M41)),"") -> 0 | AL41: =IF(B41<>"",SUMPRODUCT(($E$35:$E$47=E41)*($F$35:$F$47=F41)*($G$35:$G$47=G41)*($H$35:$H$47=H41)*($I$35:$I$47=I41)*($J$35:$J$47=J41)*($K$35:$K$47=K41)*($L$35:$L$47=L41)*($M$35:$M$47=M41)*($N$35:$N$47>N41)),"") -> 0 | AM41: =IF(B41<>"",SUMPRODUCT(($E$35:$E$47=E41)*($F$35:$F$47=F41)*($G$35:$G$47=G41)*($H$35:$H$47=H41)*($I$35:$I$47=I41)*($J$35:$J$47=J41)*($K$35:$K$47=K41)*($L$35:$L$47=L41)*($M$35:$M$47=M41)*($N$35:$N$47=N41)*($O$35:$O$47>O41)),"") -> 0 | AN41: =IF(B41<>"",SUMPRODUCT(($E$35:$E$47=E41)*($F$35:$F$47=F41)*($G$35:$G$47=G41)*($H$35:$H$47=H41)*($I$35:$I$47=I41)*($J$35:$J$47=J41)*($K$35:$K$47=K41)*($L$35:$L$47=L41)*($M$35:$M$47=M41)*($N$35:$N$47=N41)*($O$35:$O$47=O41)*($P$35:$P$47>P41)),"") -> 0 | AO41: =IF(B41<>"",SUMPRODUCT(($E$35:$E$47=E41)*($F$35:$F$47=F41)*($G$35:$G$47=G41)*($H$35:$H$47=H41)*($I$35:$I$47=I41)*($J$35:$J$47=J41)*($K$35:$K$47=K41)*($L$35:$L$47=L41)*($M$35:$M$47=M41)*($N$35:$N$47=N41)*($O$35:$O$47=O41)*($P$35:$P$47=P41)*($Q$35:$Q$47>Q41)),"") -> 0 | AP41: =IF(B41<>"",SUMPRODUCT(($E$35:$E$47=E41)*($F$35:$F$47=F41)*($G$35:$G$47=G41)*($H$35:$H$47=H41)*($I$35:$I$47=I41)*($J$35:$J$47=J41)*($K$35:$K$47=K41)*($L$35:$L$47=L41)*($M$35:$M$47=M41)*($N$35:$N$47=N41)*($O$35:$O$47=O41)*($P$35:$P$47=P41)*($Q$35:$Q$47=Q41)*($R$35:$R$47>R41)),"") -> 0 | AQ41: =IF(B41<>"",SUMPRODUCT(($E$35:$E$47=E41)*($F$35:$F$47=F41)*($G$35:$G$47=G41)*($H$35:$H$47=H41)*($I$35:$I$47=I41)*($J$35:$J$47=J41)*($K$35:$K$47=K41)*($L$35:$L$47=L41)*($M$35:$M$47=M41)*($N$35:$N$47=N41)*($O$35:$O$47=O41)*($P$35:$P$47=P41)*($Q$35:$Q$47=Q41)*($R$35:$R$47=R41)*($S$35:$S$47>S41)),"") -> 0 | AR41: =IF(B41<>"",SUMPRODUCT(($E$35:$E$47=E41)*($F$35:$F$47=F41)*($G$35:$G$47=G41)*($H$35:$H$47=H41)*($I$35:$I$47=I41)*($J$35:$J$47=J41)*($K$35:$K$47=K41)*($L$35:$L$47=L41)*($M$35:$M$47=M41)*($N$35:$N$47=N41)*($O$35:$O$47=O41)*($P$35:$P$47=P41)*($Q$35:$Q$47=Q41)*($R$35:$R$47=R41)*($S$35:$S$47=S41)*($T$35:$T$47>T41)),"") -> 0 | AS41: =IF(B41<>"",SUMPRODUCT(($E$35:$E$47=E41)*($F$35:$F$47=F41)*($G$35:$G$47=G41)*($H$35:$H$47=H41)*($I$35:$I$47=I41)*($J$35:$J$47=J41)*($K$35:$K$47=K41)*($L$35:$L$47=L41)*($M$35:$M$47=M41)*($N$35:$N$47=N41)*($O$35:$O$47=O41)*($P$35:$P$47=P41)*($Q$35:$Q$47=Q41)*($R$35:$R$47=R41)*($S$35:$S$47=S41)*($T$35:$T$47=T41)*($U$35:$U$47>U41)),"") -> 0 | AT41: =IF(B41<>"",SUMPRODUCT(($E$35:$E$47=E41)*($F$35:$F$47=F41)*($G$35:$G$47=G41)*($H$35:$H$47=H41)*($I$35:$I$47=I41)*($J$35:$J$47=J41)*($K$35:$K$47=K41)*($L$35:$L$47=L41)*($M$35:$M$47=M41)*($N$35:$N$47=N41)*($O$35:$O$47=O41)*($P$35:$P$47=P41)*($Q$35:$Q$47=Q41)*($R$35:$R$47=R41)*($S$35:$S$47=S41)*($T$35:$T$47=T41)*($U$35:$U$47=U41)*($V$35:$V$47>V41)),"") -> 0 | AU41: =IF(B41<>"",SUMPRODUCT(($E$35:$E$47=E41)*($F$35:$F$47=F41)*($G$35:$G$47=G41)*($H$35:$H$47=H41)*($I$35:$I$47=I41)*($J$35:$J$47=J41)*($K$35:$K$47=K41)*($L$35:$L$47=L41)*($M$35:$M$47=M41)*($N$35:$N$47=N41)*($O$35:$O$47=O41)*($P$35:$P$47=P41)*($Q$35:$Q$47=Q41)*($R$35:$R$47=R41)*($S$35:$S$47=S41)*($T$35:$T$47=T41)*($U$35:$U$47=U41)*($V$35:$V$47=V41)*($W$35:$W$47>W41)),"") -> 0 | AV41: =IF(B41<>"",SUMPRODUCT(($E$35:$E$47=E41)*($F$35:$F$47=F41)*($G$35:$G$47=G41)*($H$35:$H$47=H41)*($I$35:$I$47=I41)*($J$35:$J$47=J41)*($K$35:$K$47=K41)*($L$35:$L$47=L41)*($M$35:$M$47=M41)*($N$35:$N$47=N41)*($O$35:$O$47=O41)*($P$35:$P$47=P41)*($Q$35:$Q$47=Q41)*($R$35:$R$47=R41)*($S$35:$S$47=S41)*($T$35:$T$47=T41)*($U$35:$U$47=U41)*($V$35:$V$47=V41)*($W$35:$W$47=W41)*($X$35:$X$47>X41)),"") -> 0 | AW41: =IF(B41<>"",SUMPRODUCT(($E$35:$E$47=E41)*($F$35:$F$47=F41)*($G$35:$G$47=G41)*($H$35:$H$47=H41)*($I$35:$I$47=I41)*($J$35:$J$47=J41)*($K$35:$K$47=K41)*($L$35:$L$47=L41)*($M$35:$M$47=M41)*($N$35:$N$47=N41)*($O$35:$O$47=O41)*($P$35:$P$47=P41)*($Q$35:$Q$47=Q41)*($R$35:$R$47=R41)*($S$35:$S$47=S41)*($T$35:$T$47=T41)*($U$35:$U$47=U41)*($V$35:$V$47=V41)*($W$35:$W$47=W41)*($X$35:$X$47=X41)*($Y$35:$Y$47>Y41)),"") -> 0 | AX41: =IF(B41<>"",SUMPRODUCT(($E$35:$E$47=E41)*($F$35:$F$47=F41)*($G$35:$G$47=G41)*($H$35:$H$47=H41)*($I$35:$I$47=I41)*($J$35:$J$47=J41)*($K$35:$K$47=K41)*($L$35:$L$47=L41)*($M$35:$M$47=M41)*($N$35:$N$47=N41)*($O$35:$O$47=O41)*($P$35:$P$47=P41)*($Q$35:$Q$47=Q41)*($R$35:$R$47=R41)*($S$35:$S$47=S41)*($T$35:$T$47=T41)*($U$35:$U$47=U41)*($V$35:$V$47=V41)*($W$35:$W$47=W41)*($X$35:$X$47=X41)*($Y$35:$Y$47=Y41)*($Z$35:$Z$47>Z41)),"") -> 0 | AY41: =IF(B41<>"",SUMPRODUCT(($E$35:$E$47=E41)*($F$35:$F$47=F41)*($G$35:$G$47=G41)*($H$35:$H$47=H41)*($I$35:$I$47=I41)*($J$35:$J$47=J41)*($K$35:$K$47=K41)*($L$35:$L$47=L41)*($M$35:$M$47=M41)*($N$35:$N$47=N41)*($O$35:$O$47=O41)*($P$35:$P$47=P41)*($Q$35:$Q$47=Q41)*($R$35:$R$47=R41)*($S$35:$S$47=S41)*($T$35:$T$47=T41)*($U$35:$U$47=U41)*($V$35:$V$47=V41)*($W$35:$W$47=W41)*($X$35:$X$47=X41)*($Y$35:$Y$47=Y41)*($Z$35:$Z$47=Z41)*($AA$35:$AA$47>AA41)),"") -> 0 | AZ41: =IF(B41<>"",SUMPRODUCT(($E$35:$E$47=E41)*($F$35:$F$47=F41)*($G$35:$G$47=G41)*($H$35:$H$47=H41)*($I$35:$I$47=I41)*($J$35:$J$47=J41)*($K$35:$K$47=K41)*($L$35:$L$47=L41)*($M$35:$M$47=M41)*($N$35:$N$47=N41)*($O$35:$O$47=O41)*($P$35:$P$47=P41)*($Q$35:$Q$47=Q41)*($R$35:$R$47=R41)*($S$35:$S$47=S41)*($T$35:$T$47=T41)*($U$35:$U$47=U41)*($V$35:$V$47=V41)*($W$35:$W$47=W41)*($X$35:$X$47=X41)*($Y$35:$Y$47=Y41)*($Z$35:$Z$47=Z41)*($AA$35:$AA$47=AA41)*($AB$35:$AB$47>AB41)),"") -> 0 | BA41: =IF(B41<>"",SUMPRODUCT(($E$35:$E$47=E41)*($F$35:$F$47=F41)*($G$35:$G$47=G41)*($H$35:$H$47=H41)*($I$35:$I$47=I41)*($J$35:$J$47=J41)*($K$35:$K$47=K41)*($L$35:$L$47=L41)*($M$35:$M$47=M41)*($N$35:$N$47=N41)*($O$35:$O$47=O41)*($P$35:$P$47=P41)*($Q$35:$Q$47=Q41)*($R$35:$R$47=R41)*($S$35:$S$47=S41)*($T$35:$T$47=T41)*($U$35:$U$47=U41)*($V$35:$V$47=V41)*($W$35:$W$47=W41)*($X$35:$X$47=X41)*($Y$35:$Y$47=Y41)*($Z$35:$Z$47=Z41)*($AA$35:$AA$47=AA41)*($AB$35:$AB$47=AB41)*($AC$35:$AC$47>AC41)),"") -> 0 | BB41: =IF(B41<>"",SUMPRODUCT(($E$35:$E$47=E41)*($F$35:$F$47=F41)*($G$35:$G$47=G41)*($H$35:$H$47=H41)*($I$35:$I$47=I41)*($J$35:$J$47=J41)*($K$35:$K$47=K41)*($L$35:$L$47=L41)*($M$35:$M$47=M41)*($N$35:$N$47=N41)*($O$35:$O$47=O41)*($P$35:$P$47=P41)*($Q$35:$Q$47=Q41)*($R$35:$R$47=R41)*($S$35:$S$47=S41)*($T$35:$T$47=T41)*($U$35:$U$47=U41)*($V$35:$V$47=V41)*($W$35:$W$47=W41)*($X$35:$X$47=X41)*($Y$35:$Y$47=Y41)*($Z$35:$Z$47=Z41)*($AA$35:$AA$47=AA41)*($AB$35:$AB$47=AB41)*($AC$35:$AC$47=AC41)*($BC$35:$BC$47<BC41)),"") -> 0 | BC41: =IF(B41<>"",'Equipes e Pilotos'!H9,"") -> 7
